{
"type": "FeatureCollection",
"name": "vienna_pedestrian_zones",
"crs": { "type": "name", "properties": { "name": "urn:ogc:def:crs:OGC:1.3:CRS84" } },
"features": [
{ "type": "Feature", "properties": { "id": "FUSSGEHERZONEOGD.1692344", "OBJECTID": 1692344, "ADRESSE": "10., Johannitergasse", "ZEITRAUM": "Mo. - Sa. (werkt.) von 6 - 10:30 h", "AUSN_TEXT": "ausgen. Mo.- Sa. (werkt.) von 6-10:30h die Zufahrt zur Ladetätigkeit, Taxi zum Aus- und Einsteigen und Kraftfahrzeuge der Handelsvertreter sowie Fahrräder", "WEBLINK1": "http://www.wien.gv.at/verkehr/verkehrssicherheit/massnahmen/index.html", "SE_ANNO_CAD_DATA": null }, "geometry": { "type": "Polygon", "coordinates": [ [ [ 16.37455491, 48.18414128 ], [ 16.37437638, 48.18412531 ], [ 16.3744125, 48.18399787 ], [ 16.37443192, 48.18401408 ], [ 16.37457254, 48.18402213 ], [ 16.37455491, 48.18414128 ] ] ] } },
{ "type": "Feature", "properties": { "id": "FUSSGEHERZONEOGD.1692345", "OBJECTID": 1692345, "ADRESSE": "10., Huppgasse", "ZEITRAUM": "Mo. - Sa. (werkt.) von 6 - 10:30 h", "AUSN_TEXT": "ausgen. Mo.- Sa. (werkt.) von 6-10:30h die Zufahrt zur Ladetätigkeit, Taxi zum Aus- und Einsteigen und Kraftfahrzeuge der Handelsvertreter sowie Fahrräder", "WEBLINK1": "http://www.wien.gv.at/verkehr/verkehrssicherheit/massnahmen/index.html", "SE_ANNO_CAD_DATA": null }, "geometry": { "type": "Polygon", "coordinates": [ [ [ 16.37426919, 48.18362696 ], [ 16.37409219, 48.18361405 ], [ 16.37412121, 48.18350703 ], [ 16.37431517, 48.18352157 ], [ 16.37426919, 48.18362696 ] ] ] } },
{ "type": "Feature", "properties": { "id": "FUSSGEHERZONEOGD.1692346", "OBJECTID": 1692346, "ADRESSE": "10., Reisingergasse", "ZEITRAUM": "Mo. - Sa. (werkt.) von 6 - 10:30 h", "AUSN_TEXT": "ausgen. Mo.- Sa. (werkt.) von 6-10:30h die Zufahrt zur Ladetätigkeit, Taxi zum Aus- und Einsteigen und Kraftfahrzeuge der Handelsvertreter sowie Fahrräder", "WEBLINK1": "http://www.wien.gv.at/verkehr/verkehrssicherheit/massnahmen/index.html", "SE_ANNO_CAD_DATA": null }, "geometry": { "type": "Polygon", "coordinates": [ [ [ 16.37481178, 48.18300047 ], [ 16.37485531, 48.18286589 ], [ 16.37497027, 48.18288222 ], [ 16.37491362, 48.18301827 ], [ 16.37481178, 48.18300047 ] ] ] } },
{ "type": "Feature", "properties": { "id": "FUSSGEHERZONEOGD.1692347", "OBJECTID": 1692347, "ADRESSE": "10., Favoritenstraße", "ZEITRAUM": "Mo. - Sa. (werkt.) von 6 - 10:30 h", "AUSN_TEXT": "ausgen. Mo.- Sa. (werkt.) von 6-10:30h die Zufahrt zur Ladetätigkeit, Taxi zum Aus- und Einsteigen und Kraftfahrzeuge der Handelsvertreter", "WEBLINK1": "http://www.wien.gv.at/verkehr/verkehrssicherheit/massnahmen/index.html", "SE_ANNO_CAD_DATA": null }, "geometry": { "type": "Polygon", "coordinates": [ [ [ 16.37563378, 48.18019763 ], [ 16.37566475, 48.18011508 ], [ 16.37599394, 48.17930736 ], [ 16.37600591, 48.17922686 ], [ 16.37604329, 48.17915672 ], [ 16.37631502, 48.17922992 ], [ 16.37629507, 48.17928263 ], [ 16.37592744, 48.18018149 ], [ 16.37590486, 48.18023919 ], [ 16.37576549, 48.18021342 ], [ 16.37563378, 48.18019763 ] ] ] } },
{ "type": "Feature", "properties": { "id": "FUSSGEHERZONEOGD.1692348", "OBJECTID": 1692348, "ADRESSE": "10., Raaber-Bahn-Gasse 17", "ZEITRAUM": "Mo. - Sa. (werkt.) von 6 - 10:30 h", "AUSN_TEXT": "ausgen. Mo.- Sa. (werkt.) von 6-10:30h die Zufahrt zur Ladetätigkeit, Taxi zum Aus- und Einsteigen und Kraftfahrzeuge der Handelsvertreter", "WEBLINK1": "http://www.wien.gv.at/verkehr/verkehrssicherheit/massnahmen/index.html", "SE_ANNO_CAD_DATA": null }, "geometry": { "type": "Polygon", "coordinates": [ [ [ 16.37588899, 48.18027972 ], [ 16.37592744, 48.18018149 ], [ 16.37602857, 48.18020238 ], [ 16.37599493, 48.180299 ], [ 16.37588899, 48.18027972 ] ] ] } },
{ "type": "Feature", "properties": { "id": "FUSSGEHERZONEOGD.1692349", "OBJECTID": 1692349, "ADRESSE": "10., Raaber-Bahn-Gasse 19", "ZEITRAUM": "Mo. - Sa. (werkt.) von 6 - 10:30 h", "AUSN_TEXT": "ausgen. Mo.- Sa. (werkt.) von 6-10:30h die Zufahrt zur Ladetätigkeit, Taxi zum Aus- und Einsteigen und Kraftfahrzeuge der Handelsvertreter", "WEBLINK1": "http://www.wien.gv.at/verkehr/verkehrssicherheit/massnahmen/index.html", "SE_ANNO_CAD_DATA": null }, "geometry": { "type": "Polygon", "coordinates": [ [ [ 16.37561189, 48.18025598 ], [ 16.37559021, 48.18023989 ], [ 16.37549391, 48.18023026 ], [ 16.37554435, 48.18009903 ], [ 16.37566475, 48.18011508 ], [ 16.37561189, 48.18025598 ] ] ] } },
{ "type": "Feature", "properties": { "id": "FUSSGEHERZONEOGD.1692350", "OBJECTID": 1692350, "ADRESSE": "10., Keplergasse14", "ZEITRAUM": "Mo. - Sa. (werkt.) von 6 - 10:30 h", "AUSN_TEXT": "ausgen. Mo.- Sa. (werkt.) von 6-10:30h die Zufahrt zur Ladetätigkeit, Taxi zum Aus- und Einsteigen und Kraftfahrzeuge der Handelsvertreter", "WEBLINK1": "http://www.wien.gv.at/verkehr/verkehrssicherheit/massnahmen/index.html", "SE_ANNO_CAD_DATA": null }, "geometry": { "type": "Polygon", "coordinates": [ [ [ 16.37629507, 48.17928263 ], [ 16.37633721, 48.1791716 ], [ 16.37634315, 48.17918439 ], [ 16.37643946, 48.17920369 ], [ 16.37640582, 48.1793003 ], [ 16.37629507, 48.17928263 ] ] ] } },
{ "type": "Feature", "properties": { "id": "FUSSGEHERZONEOGD.1692351", "OBJECTID": 1692351, "ADRESSE": "10., Keplergasse 10", "ZEITRAUM": "Mo. - Sa. (werkt.) von 6 - 10:30 h", "AUSN_TEXT": "ausgen. Mo.- Sa. (werkt.) von 6-10:30h die Zufahrt zur Ladetätigkeit, Taxi zum Aus- und Einsteigen und Kraftfahrzeuge der Handelsvertreter", "WEBLINK1": "http://www.wien.gv.at/verkehr/verkehrssicherheit/massnahmen/index.html", "SE_ANNO_CAD_DATA": null }, "geometry": { "type": "Polygon", "coordinates": [ [ [ 16.37600374, 48.17922638 ], [ 16.37581355, 48.17922483 ], [ 16.37582067, 48.17908959 ], [ 16.37607825, 48.17909111 ], [ 16.37600374, 48.17922638 ] ] ] } },
{ "type": "Feature", "properties": { "id": "FUSSGEHERZONEOGD.1692352", "OBJECTID": 1692352, "ADRESSE": "10., Favoritenstraße", "ZEITRAUM": null, "AUSN_TEXT": null, "WEBLINK1": "http://www.wien.gv.at/verkehr/verkehrssicherheit/massnahmen/index.html", "SE_ANNO_CAD_DATA": null }, "geometry": { "type": "Polygon", "coordinates": [ [ [ 16.37722925, 48.17700533 ], [ 16.37719879, 48.17708849 ], [ 16.37718723, 48.17710399 ], [ 16.37685499, 48.17791024 ], [ 16.37688395, 48.1779354 ], [ 16.37652793, 48.17796069 ], [ 16.37653482, 48.1779498 ], [ 16.3768804, 48.17711396 ], [ 16.3769172, 48.17702732 ], [ 16.37722925, 48.17700533 ] ] ] } },
{ "type": "Feature", "properties": { "id": "FUSSGEHERZONEOGD.1692353", "OBJECTID": 1692353, "ADRESSE": "10., Erlachgasse 94", "ZEITRAUM": "Mo. - Sa. (werkt.) von 6 - 10:30 h", "AUSN_TEXT": "ausgen. Mo.- Sa. (werkt.) von 6-10:30h die Zufahrt zur Ladetätigkeit, Taxi zum Aus- und Einsteigen und Kraftfahrzeuge der Handelsvertreter", "WEBLINK1": "http://www.wien.gv.at/verkehr/verkehrssicherheit/massnahmen/index.html", "SE_ANNO_CAD_DATA": null }, "geometry": { "type": "Polygon", "coordinates": [ [ [ 16.37719879, 48.17708849 ], [ 16.37726301, 48.17691335 ], [ 16.37727392, 48.17692855 ], [ 16.37785859, 48.17689156 ], [ 16.37787317, 48.17702824 ], [ 16.37722482, 48.17707299 ], [ 16.37719879, 48.17708849 ] ] ] } },
{ "type": "Feature", "properties": { "id": "FUSSGEHERZONEOGD.1692354", "OBJECTID": 1692354, "ADRESSE": "10., Viktor-Adler-Platz 10", "ZEITRAUM": "Mo. - Sa. (werkt.) von 6 - 10:30 h", "AUSN_TEXT": "ausgen. Mo.- Sa. (werkt.) von 6-10:30h die Zufahrt zur Ladetätigkeit, Taxi zum Aus- und Einsteigen und Kraftfahrzeuge der Handelsvertreter", "WEBLINK1": "http://www.wien.gv.at/verkehr/verkehrssicherheit/massnahmen/index.html", "SE_ANNO_CAD_DATA": null }, "geometry": { "type": "Polygon", "coordinates": [ [ [ 16.3768804, 48.17711396 ], [ 16.37685435, 48.17710043 ], [ 16.3757643, 48.17717243 ], [ 16.37575843, 48.17706209 ], [ 16.37693324, 48.17698954 ], [ 16.3768804, 48.17711396 ] ] ] } },
{ "type": "Feature", "properties": { "id": "FUSSGEHERZONEOGD.1692355", "OBJECTID": 1692355, "ADRESSE": "10., Pernerstorfergasse", "ZEITRAUM": "Mo. - Sa. (werkt.) von 6 - 10:30 h", "AUSN_TEXT": "ausgen. Mo.- Sa. (werkt.) von 6-10:30h die Zufahrt zur Ladetätigkeit, Taxi zum Aus- und Einsteigen und Kraftfahrzeuge der Handelsvertreter", "WEBLINK1": "http://www.wien.gv.at/verkehr/verkehrssicherheit/massnahmen/index.html", "SE_ANNO_CAD_DATA": null }, "geometry": { "type": "Polygon", "coordinates": [ [ [ 16.37745299, 48.17644837 ], [ 16.37752523, 48.17628379 ], [ 16.37753681, 48.1762954 ], [ 16.37762944, 48.17629343 ], [ 16.37764691, 48.17643088 ], [ 16.37747904, 48.17643868 ], [ 16.37745299, 48.17644837 ] ] ] } },
{ "type": "Feature", "properties": { "id": "FUSSGEHERZONEOGD.1692356", "OBJECTID": 1692356, "ADRESSE": "1., Rabensteig", "ZEITRAUM": null, "AUSN_TEXT": null, "WEBLINK1": "http://www.wien.gv.at/verkehr/verkehrssicherheit/massnahmen/index.html", "SE_ANNO_CAD_DATA": null }, "geometry": { "type": "Polygon", "coordinates": [ [ [ 16.37533294, 48.21150182 ], [ 16.37534121, 48.21157107 ], [ 16.37535383, 48.21170012 ], [ 16.37535358, 48.2117446 ], [ 16.37516544, 48.21174086 ], [ 16.37526043, 48.21168324 ], [ 16.37528164, 48.2116121 ], [ 16.3752643, 48.21153218 ], [ 16.37533294, 48.21150182 ] ] ] } },
{ "type": "Feature", "properties": { "id": "FUSSGEHERZONEOGD.1692357", "OBJECTID": 1692357, "ADRESSE": "1., Ballgasse", "ZEITRAUM": "(werkt.) von 6-10.30h", "AUSN_TEXT": "ausgen. (werkt.) von 6-10:30h Zufahrt zur Ladetätigkeit", "WEBLINK1": "http://www.wien.gv.at/verkehr/verkehrssicherheit/massnahmen/index.html", "SE_ANNO_CAD_DATA": null }, "geometry": { "type": "Polygon", "coordinates": [ [ [ 16.37272264, 48.20629996 ], [ 16.3729894, 48.20625032 ], [ 16.37299512, 48.20626499 ], [ 16.37325316, 48.20621874 ], [ 16.37327286, 48.20626169 ], [ 16.37323156, 48.20627049 ], [ 16.37271814, 48.20637372 ], [ 16.37272264, 48.20629996 ] ] ] } },
{ "type": "Feature", "properties": { "id": "FUSSGEHERZONEOGD.1692216", "OBJECTID": 1692216, "ADRESSE": "2., Lassallestraße 5", "ZEITRAUM": null, "AUSN_TEXT": null, "WEBLINK1": "http://www.wien.gv.at/verkehr/verkehrssicherheit/massnahmen/index.html", "SE_ANNO_CAD_DATA": null }, "geometry": { "type": "Polygon", "coordinates": [ [ [ 16.39694637, 48.22172585 ], [ 16.39689079, 48.22177998 ], [ 16.39552129, 48.22104024 ], [ 16.39558194, 48.22098949 ], [ 16.39694637, 48.22172585 ] ] ] } },
{ "type": "Feature", "properties": { "id": "FUSSGEHERZONEOGD.1692217", "OBJECTID": 1692217, "ADRESSE": "2., Schrottgießergasse", "ZEITRAUM": "Mo.-Fr. (werkt.) von 8-10h", "AUSN_TEXT": null, "WEBLINK1": "http://www.wien.gv.at/verkehr/verkehrssicherheit/massnahmen/index.html", "SE_ANNO_CAD_DATA": null }, "geometry": { "type": "Polygon", "coordinates": [ [ [ 16.38428737, 48.21501918 ], [ 16.38428308, 48.21502727 ], [ 16.3842789, 48.21503233 ], [ 16.38427588, 48.21503416 ], [ 16.38427073, 48.2150345 ], [ 16.38421547, 48.21501894 ], [ 16.38417014, 48.21500571 ], [ 16.38412579, 48.21499319 ], [ 16.38411645, 48.21498732 ], [ 16.38411114, 48.21498105 ], [ 16.38410888, 48.21497549 ], [ 16.38410872, 48.21496813 ], [ 16.3842313, 48.21476865 ], [ 16.38424429, 48.2147458 ], [ 16.38425541, 48.21473581 ], [ 16.3842704, 48.21473072 ], [ 16.38428114, 48.21472984 ], [ 16.38429607, 48.21473216 ], [ 16.38453319, 48.21486197 ], [ 16.38446522, 48.21491885 ], [ 16.38443596, 48.21493453 ], [ 16.38443286, 48.21493193 ], [ 16.38436986, 48.21496637 ], [ 16.38437218, 48.21496822 ], [ 16.38434344, 48.21498368 ], [ 16.38428737, 48.21501918 ] ] ] } },
{ "type": "Feature", "properties": { "id": "FUSSGEHERZONEOGD.1692218", "OBJECTID": 1692218, "ADRESSE": "3., Radetzkystraße", "ZEITRAUM": null, "AUSN_TEXT": null, "WEBLINK1": "http://www.wien.gv.at/verkehr/verkehrssicherheit/massnahmen/index.html", "SE_ANNO_CAD_DATA": null }, "geometry": { "type": "Polygon", "coordinates": [ [ [ 16.3868634, 48.21109415 ], [ 16.38690705, 48.21112063 ], [ 16.38696662, 48.21120808 ], [ 16.38697464, 48.21130217 ], [ 16.38641949, 48.21133024 ], [ 16.38633422, 48.2113263 ], [ 16.38625888, 48.21133031 ], [ 16.38599915, 48.2113397 ], [ 16.38583062, 48.21135568 ], [ 16.38569577, 48.21134249 ], [ 16.3854697, 48.21130282 ], [ 16.38543202, 48.21129489 ], [ 16.38536848, 48.21121142 ], [ 16.38533869, 48.21115179 ], [ 16.38531482, 48.21108025 ], [ 16.38534058, 48.21106035 ], [ 16.38547542, 48.21106427 ], [ 16.38549137, 48.21115306 ], [ 16.38568372, 48.21118213 ], [ 16.38583046, 48.2111887 ], [ 16.38668699, 48.21114459 ], [ 16.38675637, 48.21113793 ], [ 16.38681386, 48.21111538 ], [ 16.38686538, 48.21109282 ], [ 16.3868634, 48.21109415 ] ] ] } },
{ "type": "Feature", "properties": { "id": "FUSSGEHERZONEOGD.1692219", "OBJECTID": 1692219, "ADRESSE": "22., Tokiostraße 9", "ZEITRAUM": "(werkt.) von 6-10.30h", "AUSN_TEXT": "ausgen. Zufahrt zur Ladetätigkeit", "WEBLINK1": "http://www.wien.gv.at/verkehr/verkehrssicherheit/massnahmen/index.html", "SE_ANNO_CAD_DATA": null }, "geometry": { "type": "Polygon", "coordinates": [ [ [ 16.429899, 48.25003497 ], [ 16.42940558, 48.25005288 ], [ 16.42938374, 48.24983956 ], [ 16.42987477, 48.24982006 ], [ 16.42989899, 48.25003337 ], [ 16.429899, 48.25003497 ] ] ] } },
{ "type": "Feature", "properties": { "id": "FUSSGEHERZONEOGD.1692220", "OBJECTID": 1692220, "ADRESSE": "22., Tokiostraße 7", "ZEITRAUM": "(werkt.) von 6-10.30h", "AUSN_TEXT": "ausgen. Zufahrt zur Ladetätigkeit", "WEBLINK1": "http://www.wien.gv.at/verkehr/verkehrssicherheit/massnahmen/index.html", "SE_ANNO_CAD_DATA": null }, "geometry": { "type": "Polygon", "coordinates": [ [ [ 16.4298333, 48.24930745 ], [ 16.42933752, 48.24932377 ], [ 16.42932043, 48.24911045 ], [ 16.42981861, 48.24909094 ], [ 16.4298333, 48.24930745 ] ] ] } },
{ "type": "Feature", "properties": { "id": "FUSSGEHERZONEOGD.1692221", "OBJECTID": 1692221, "ADRESSE": "22., Tokiostraße 3", "ZEITRAUM": "(werkt.) von 6-10.30h", "AUSN_TEXT": "ausgen. Zufahrt zur Ladetätigkeit", "WEBLINK1": "http://www.wien.gv.at/verkehr/verkehrssicherheit/massnahmen/index.html", "SE_ANNO_CAD_DATA": null }, "geometry": { "type": "Polygon", "coordinates": [ [ [ 16.42969927, 48.24773546 ], [ 16.42915934, 48.24775609 ], [ 16.42913881, 48.24754214 ], [ 16.42954777, 48.24752298 ], [ 16.42958001, 48.24752833 ], [ 16.42958403, 48.24751621 ], [ 16.42968478, 48.24752959 ], [ 16.42969927, 48.24773546 ] ] ] } },
{ "type": "Feature", "properties": { "id": "FUSSGEHERZONEOGD.1692222", "OBJECTID": 1692222, "ADRESSE": "11., Mailergasse", "ZEITRAUM": null, "AUSN_TEXT": "ausgen. Zufahrt zu den genehmigten Abstellplätzen sowie Fahrräder", "WEBLINK1": "http://www.wien.gv.at/verkehr/verkehrssicherheit/massnahmen/index.html", "SE_ANNO_CAD_DATA": null }, "geometry": { "type": "Polygon", "coordinates": [ [ [ 16.4671918, 48.15797177 ], [ 16.46734694, 48.15796613 ], [ 16.46738343, 48.15839773 ], [ 16.46740546, 48.15849605 ], [ 16.46742599, 48.15877757 ], [ 16.46721684, 48.15879478 ], [ 16.46721289, 48.1587731 ], [ 16.46727003, 48.15876211 ], [ 16.46724756, 48.15848895 ], [ 16.4672308, 48.15832323 ], [ 16.46724412, 48.15820483 ], [ 16.4672386, 48.15817388 ], [ 16.46723571, 48.15811378 ], [ 16.46719452, 48.15797358 ], [ 16.4671918, 48.15797177 ] ] ] } },
{ "type": "Feature", "properties": { "id": "FUSSGEHERZONEOGD.1692223", "OBJECTID": 1692223, "ADRESSE": "8., Lerchenfelder Gürtel", "ZEITRAUM": "(werkt.) von 8-17h", "AUSN_TEXT": "ausgen. Zufahrt zur Ladetätigkeit", "WEBLINK1": "http://www.wien.gv.at/verkehr/verkehrssicherheit/massnahmen/index.html", "SE_ANNO_CAD_DATA": null }, "geometry": { "type": "Polygon", "coordinates": [ [ [ 16.33915999, 48.210287 ], [ 16.33930066, 48.21027733 ], [ 16.33931577, 48.21027162 ], [ 16.33932564, 48.21035905 ], [ 16.33932103, 48.21036564 ], [ 16.33930591, 48.21037574 ], [ 16.33909886, 48.2104913 ], [ 16.33909097, 48.2104377 ], [ 16.33909689, 48.21043682 ], [ 16.33909557, 48.21042056 ], [ 16.33908506, 48.21041266 ], [ 16.33907782, 48.21036081 ], [ 16.33908506, 48.21035642 ], [ 16.3390844, 48.2103406 ], [ 16.33907388, 48.21033753 ], [ 16.33906796, 48.2102848 ], [ 16.33907585, 48.21028261 ], [ 16.33907256, 48.21026503 ], [ 16.33906599, 48.21026328 ], [ 16.33906007, 48.21021144 ], [ 16.33906665, 48.21020748 ], [ 16.33906467, 48.21019166 ], [ 16.33905678, 48.21018898 ], [ 16.33904954, 48.21013801 ], [ 16.33906006, 48.21012792 ], [ 16.33905612, 48.21011034 ], [ 16.33904231, 48.21010639 ], [ 16.33903771, 48.21004971 ], [ 16.33904691, 48.21004619 ], [ 16.33904363, 48.21003082 ], [ 16.33903442, 48.21002686 ], [ 16.33902654, 48.20997018 ], [ 16.33903442, 48.20996667 ], [ 16.33903244, 48.20995173 ], [ 16.33902258, 48.2099469 ], [ 16.33901733, 48.20989154 ], [ 16.33902389, 48.20988627 ], [ 16.33902258, 48.20987177 ], [ 16.33901337, 48.20986914 ], [ 16.33900548, 48.20981242 ], [ 16.33901535, 48.20980626 ], [ 16.33901403, 48.20978825 ], [ 16.33900614, 48.20978869 ], [ 16.33898641, 48.20962129 ], [ 16.33899101, 48.20962085 ], [ 16.3389897, 48.20960328 ], [ 16.33897722, 48.20959493 ], [ 16.33896801, 48.20952675 ], [ 16.33897458, 48.20952016 ], [ 16.33897261, 48.20950434 ], [ 16.33896405, 48.20950039 ], [ 16.33895222, 48.20943053 ], [ 16.33895682, 48.2094257 ], [ 16.3389555, 48.20940856 ], [ 16.338945, 48.20940373 ], [ 16.33892921, 48.20933519 ], [ 16.33893709, 48.20933035 ], [ 16.33893381, 48.20930882 ], [ 16.3389233, 48.20930136 ], [ 16.33890212, 48.20923141 ], [ 16.33890738, 48.20922527 ], [ 16.33890344, 48.20920857 ], [ 16.33890015, 48.20920857 ], [ 16.33887188, 48.20913125 ], [ 16.33887714, 48.20913036 ], [ 16.33887122, 48.20911411 ], [ 16.33886071, 48.20911147 ], [ 16.33883244, 48.20904249 ], [ 16.33883836, 48.20903634 ], [ 16.33883376, 48.20902053 ], [ 16.33882258, 48.20901657 ], [ 16.33879102, 48.20894887 ], [ 16.33879694, 48.20893907 ], [ 16.33878774, 48.20891975 ], [ 16.33877525, 48.20891579 ], [ 16.3387404, 48.20884923 ], [ 16.338745, 48.20884351 ], [ 16.33873844, 48.20882682 ], [ 16.33872726, 48.20882419 ], [ 16.33868959, 48.20875872 ], [ 16.33869353, 48.20875301 ], [ 16.33868565, 48.20873719 ], [ 16.33867776, 48.20873412 ], [ 16.33863503, 48.20866426 ], [ 16.33863897, 48.2086568 ], [ 16.33862846, 48.20864229 ], [ 16.33862122, 48.20864317 ], [ 16.33861596, 48.20863306 ], [ 16.3388434, 48.20860099 ], [ 16.33886707, 48.20866733 ], [ 16.33875071, 48.20869502 ], [ 16.33884407, 48.20886065 ], [ 16.33887562, 48.20892392 ], [ 16.33889863, 48.20897488 ], [ 16.33895385, 48.20910932 ], [ 16.33899921, 48.20924289 ], [ 16.33901039, 48.20928462 ], [ 16.33902814, 48.20935452 ], [ 16.33904852, 48.20945865 ], [ 16.33906825, 48.20958342 ], [ 16.3391033, 48.20983658 ], [ 16.33911053, 48.20989896 ], [ 16.33914013, 48.21011834 ], [ 16.33915328, 48.21022562 ], [ 16.33915328, 48.21022474 ], [ 16.33915999, 48.210287 ] ] ] } },
{ "type": "Feature", "properties": { "id": "FUSSGEHERZONEOGD.1692224", "OBJECTID": 1692224, "ADRESSE": "9., Währinger Gürtel", "ZEITRAUM": "von 8-18.30h", "AUSN_TEXT": "ausgen. Fahrräder sowie Zufahrt zur Ladetätigkeit", "WEBLINK1": "http://www.wien.gv.at/verkehr/verkehrssicherheit/massnahmen/index.html", "SE_ANNO_CAD_DATA": null }, "geometry": { "type": "Polygon", "coordinates": [ [ [ 16.35043908, 48.22907558 ], [ 16.35034321, 48.22908256 ], [ 16.35018044, 48.22833198 ], [ 16.35026589, 48.22831943 ], [ 16.35043908, 48.22907558 ] ] ] } },
{ "type": "Feature", "properties": { "id": "FUSSGEHERZONEOGD.1692225", "OBJECTID": 1692225, "ADRESSE": "9., Währinger Gürtel", "ZEITRAUM": null, "AUSN_TEXT": "ausgen. Zufahrt zu den genehmigten Garagenplätzen", "WEBLINK1": "http://www.wien.gv.at/verkehr/verkehrssicherheit/massnahmen/index.html", "SE_ANNO_CAD_DATA": null }, "geometry": { "type": "Polygon", "coordinates": [ [ [ 16.35061674, 48.22987304 ], [ 16.35061674, 48.2298741 ], [ 16.35062769, 48.22991169 ], [ 16.35065116, 48.22997749 ], [ 16.35067931, 48.23003388 ], [ 16.35071059, 48.23008923 ], [ 16.35074656, 48.2301498 ], [ 16.35079035, 48.23021977 ], [ 16.35079507, 48.23033675 ], [ 16.35075598, 48.23029602 ], [ 16.35071375, 48.2302365 ], [ 16.35066996, 48.2301707 ], [ 16.35063087, 48.23010804 ], [ 16.3505949, 48.23003807 ], [ 16.35056517, 48.22997437 ], [ 16.35053546, 48.22988559 ], [ 16.35061674, 48.22987304 ] ] ] } },
{ "type": "Feature", "properties": { "id": "FUSSGEHERZONEOGD.1692215", "OBJECTID": 1692215, "ADRESSE": "2., Komödiengasse", "ZEITRAUM": "(werkt.) von 6-10.30h", "AUSN_TEXT": "ausgen. Zufahrt zur Ladetätigkeit", "WEBLINK1": "http://www.wien.gv.at/verkehr/verkehrssicherheit/massnahmen/index.html", "SE_ANNO_CAD_DATA": null }, "geometry": { "type": "Polygon", "coordinates": [ [ [ 16.38322329, 48.21486196 ], [ 16.38384427, 48.21467853 ], [ 16.38384722, 48.21467036 ], [ 16.38393877, 48.2147691 ], [ 16.38328999, 48.21495201 ], [ 16.38322329, 48.21486196 ] ] ] } },
{ "type": "Feature", "properties": { "id": "FUSSGEHERZONEOGD.1692226", "OBJECTID": 1692226, "ADRESSE": "21., Franz-Jonas-Platz", "ZEITRAUM": "von 4-6h u. 9-11h", "AUSN_TEXT": "ausgen. Zufahrt zur Ladetätigkeit mit Lastfahrzeugen", "WEBLINK1": "http://www.wien.gv.at/verkehr/verkehrssicherheit/massnahmen/index.html", "SE_ANNO_CAD_DATA": null }, "geometry": { "type": "Polygon", "coordinates": [ [ [ 16.40020134, 48.25724583 ], [ 16.40041789, 48.25718992 ], [ 16.40054676, 48.25730014 ], [ 16.40019161, 48.25745839 ], [ 16.40010601, 48.25748268 ], [ 16.40003388, 48.25749093 ], [ 16.39996567, 48.25748812 ], [ 16.39989794, 48.25747259 ], [ 16.39983178, 48.25744441 ], [ 16.39980207, 48.2574281 ], [ 16.39977672, 48.25740945 ], [ 16.39975835, 48.25738905 ], [ 16.39973999, 48.25737156 ], [ 16.39978364, 48.25735871 ], [ 16.39929425, 48.25667427 ], [ 16.39921477, 48.25657831 ], [ 16.39917804, 48.25653285 ], [ 16.39893368, 48.25626196 ], [ 16.39902075, 48.25622767 ], [ 16.39945443, 48.25606499 ], [ 16.39966428, 48.25634565 ], [ 16.3996257, 48.25635863 ], [ 16.39963196, 48.25636666 ], [ 16.3994799, 48.25641993 ], [ 16.39963356, 48.25661694 ], [ 16.39978915, 48.25656512 ], [ 16.3998663, 48.25666038 ], [ 16.39971468, 48.25674922 ], [ 16.40020134, 48.25724583 ] ] ] } },
{ "type": "Feature", "properties": { "id": "FUSSGEHERZONEOGD.1692227", "OBJECTID": 1692227, "ADRESSE": "12., Theresienbadgasse", "ZEITRAUM": null, "AUSN_TEXT": null, "WEBLINK1": "http://www.wien.gv.at/verkehr/verkehrssicherheit/massnahmen/index.html", "SE_ANNO_CAD_DATA": null }, "geometry": { "type": "Polygon", "coordinates": [ [ [ 16.32852463, 48.18310694 ], [ 16.32855389, 48.1830864 ], [ 16.32839602, 48.18263068 ], [ 16.32838433, 48.18258471 ], [ 16.32836386, 48.18257689 ], [ 16.32854226, 48.18255245 ], [ 16.32852471, 48.18256516 ], [ 16.32859049, 48.18274999 ], [ 16.32864749, 48.18291135 ], [ 16.32868551, 48.18303653 ], [ 16.32869136, 48.18304827 ], [ 16.32870159, 48.18306099 ], [ 16.32871182, 48.1830737 ], [ 16.32872498, 48.18308935 ], [ 16.32874398, 48.1831001 ], [ 16.3285261, 48.18310791 ], [ 16.32852463, 48.18310694 ] ] ] } },
{ "type": "Feature", "properties": { "id": "FUSSGEHERZONEOGD.1692228", "OBJECTID": 1692228, "ADRESSE": "12., Rosasgasse", "ZEITRAUM": null, "AUSN_TEXT": null, "WEBLINK1": "http://www.wien.gv.at/verkehr/verkehrssicherheit/massnahmen/index.html", "SE_ANNO_CAD_DATA": null }, "geometry": { "type": "Polygon", "coordinates": [ [ [ 16.32558201, 48.181696 ], [ 16.32561129, 48.18151761 ], [ 16.32608079, 48.18149286 ], [ 16.32608303, 48.18152004 ], [ 16.32609596, 48.18151914 ], [ 16.32609634, 48.18152131 ], [ 16.3263287, 48.18151127 ], [ 16.32632867, 48.18150892 ], [ 16.32634164, 48.18150896 ], [ 16.32633841, 48.1814818 ], [ 16.32680914, 48.18146651 ], [ 16.32680963, 48.18146503 ], [ 16.32687368, 48.1814622 ], [ 16.32687391, 48.18165959 ], [ 16.32684736, 48.18164344 ], [ 16.32558201, 48.181696 ] ] ] } },
{ "type": "Feature", "properties": { "id": "FUSSGEHERZONEOGD.1692229", "OBJECTID": 1692229, "ADRESSE": "1., Wächtergasse", "ZEITRAUM": "(werkt.) von 6-10.30h", "AUSN_TEXT": "Zufahrt zur und auf die Dauer einer Ladetätigkeit gestattet", "WEBLINK1": "http://www.wien.gv.at/verkehr/verkehrssicherheit/massnahmen/index.html", "SE_ANNO_CAD_DATA": null }, "geometry": { "type": "Polygon", "coordinates": [ [ [ 16.36709335, 48.2125227 ], [ 16.36701482, 48.21244403 ], [ 16.36702827, 48.21244477 ], [ 16.36703612, 48.21244177 ], [ 16.36705293, 48.21243352 ], [ 16.36741156, 48.21214715 ], [ 16.3676146, 48.21228949 ], [ 16.36709335, 48.2125227 ] ] ] } },
{ "type": "Feature", "properties": { "id": "FUSSGEHERZONEOGD.1692230", "OBJECTID": 1692230, "ADRESSE": "7., Gutenberggasse", "ZEITRAUM": "Mo.-Sa. (werkt.) von 6-10.30h", "AUSN_TEXT": "Zufahrt zur Ladetätigkeit mit Lastfahrzeugen gestattet", "WEBLINK1": "http://www.wien.gv.at/verkehr/verkehrssicherheit/massnahmen/index.html", "SE_ANNO_CAD_DATA": null }, "geometry": { "type": "Polygon", "coordinates": [ [ [ 16.35554153, 48.2040654 ], [ 16.35549999, 48.20419213 ], [ 16.35542906, 48.20417824 ], [ 16.35545714, 48.20408013 ], [ 16.35542902, 48.2040736 ], [ 16.35544978, 48.20401064 ], [ 16.35547669, 48.20401227 ], [ 16.3555121, 48.20389045 ], [ 16.3554852, 48.20388555 ], [ 16.35553406, 48.20371876 ], [ 16.35556097, 48.20372039 ], [ 16.35559272, 48.20361738 ], [ 16.35569287, 48.20324938 ], [ 16.35570754, 48.20322812 ], [ 16.35573929, 48.2031202 ], [ 16.35570138, 48.20311448 ], [ 16.35574903, 48.20300165 ], [ 16.35576245, 48.20292766 ], [ 16.35575512, 48.20292439 ], [ 16.3557821, 48.2028214 ], [ 16.35588075, 48.20283828 ], [ 16.35581266, 48.20307563 ], [ 16.35580287, 48.20307808 ], [ 16.35578822, 48.20315657 ], [ 16.35576257, 48.20324487 ], [ 16.35576014, 48.20326122 ], [ 16.35576014, 48.20326073 ], [ 16.35566365, 48.20359774 ], [ 16.35560747, 48.20380378 ], [ 16.35557083, 48.20393623 ], [ 16.35557816, 48.20393705 ], [ 16.35554153, 48.2040654 ] ] ] } },
{ "type": "Feature", "properties": { "id": "FUSSGEHERZONEOGD.1692231", "OBJECTID": 1692231, "ADRESSE": "6., Magdalenstraße", "ZEITRAUM": "Mo.-Fr. (werkt.) von 6-10.30h", "AUSN_TEXT": "ausgen. Fahrräder Zufahrt zum genehmigten Einstellplatz sowie Ladetätigkeit", "WEBLINK1": "http://www.wien.gv.at/verkehr/verkehrssicherheit/massnahmen/index.html", "SE_ANNO_CAD_DATA": null }, "geometry": { "type": "Polygon", "coordinates": [ [ [ 16.35184855, 48.19390029 ], [ 16.35196119, 48.19382495 ], [ 16.35214976, 48.19396942 ], [ 16.35212678, 48.19398326 ], [ 16.35226705, 48.1940893 ], [ 16.35229233, 48.19408008 ], [ 16.35239352, 48.19415538 ], [ 16.35234755, 48.19418153 ], [ 16.35255221, 48.19433368 ], [ 16.3525752, 48.19432753 ], [ 16.3526925, 48.19444587 ], [ 16.3527293, 48.1944597 ], [ 16.35275918, 48.1944597 ], [ 16.35271323, 48.19456577 ], [ 16.35262124, 48.19448738 ], [ 16.35263504, 48.19447816 ], [ 16.35252925, 48.19439363 ], [ 16.35251085, 48.19440285 ], [ 16.35184855, 48.19390029 ] ] ] } },
{ "type": "Feature", "properties": { "id": "FUSSGEHERZONEOGD.1692232", "OBJECTID": 1692232, "ADRESSE": "6., Stiegengasse", "ZEITRAUM": null, "AUSN_TEXT": null, "WEBLINK1": "http://www.wien.gv.at/verkehr/verkehrssicherheit/massnahmen/index.html", "SE_ANNO_CAD_DATA": null }, "geometry": { "type": "Polygon", "coordinates": [ [ [ 16.35712695, 48.19856184 ], [ 16.35725135, 48.19860374 ], [ 16.35721949, 48.19860512 ], [ 16.35718145, 48.19862781 ], [ 16.3570756, 48.19869449 ], [ 16.35654532, 48.19901552 ], [ 16.35652372, 48.19899903 ], [ 16.35671591, 48.19888491 ], [ 16.35668711, 48.19886293 ], [ 16.35650006, 48.19897636 ], [ 16.35647538, 48.19895574 ], [ 16.3567097, 48.19881482 ], [ 16.35672822, 48.19882993 ], [ 16.3567385, 48.19883062 ], [ 16.3570355, 48.19865258 ], [ 16.35703857, 48.19864501 ], [ 16.35701801, 48.19862578 ], [ 16.35701903, 48.19862646 ], [ 16.35712695, 48.19856184 ] ] ] } },
{ "type": "Feature", "properties": { "id": "FUSSGEHERZONEOGD.1692233", "OBJECTID": 1692233, "ADRESSE": "5., Siebenbrunnenplatz", "ZEITRAUM": null, "AUSN_TEXT": "ausgen. Fahrräder", "WEBLINK1": "http://www.wien.gv.at/verkehr/verkehrssicherheit/massnahmen/index.html", "SE_ANNO_CAD_DATA": null }, "geometry": { "type": "Polygon", "coordinates": [ [ [ 16.35395947, 48.18555244 ], [ 16.35373367, 48.18575156 ], [ 16.35372511, 48.1857344 ], [ 16.35333322, 48.18560173 ], [ 16.35295845, 48.1854702 ], [ 16.35290882, 48.18547821 ], [ 16.35289342, 48.18547021 ], [ 16.35289856, 48.18546219 ], [ 16.35290711, 48.18544846 ], [ 16.3529088, 48.18541757 ], [ 16.3528951, 48.18538439 ], [ 16.35287114, 48.18535807 ], [ 16.35284205, 48.18534549 ], [ 16.35281809, 48.18533519 ], [ 16.3528369, 48.18530544 ], [ 16.35286427, 48.18528713 ], [ 16.35302505, 48.18507885 ], [ 16.35304901, 48.18505481 ], [ 16.35306782, 48.18504795 ], [ 16.35310719, 48.1850674 ], [ 16.35314311, 48.18507083 ], [ 16.35317411, 48.18507119 ], [ 16.35335858, 48.18520379 ], [ 16.35368392, 48.18545174 ], [ 16.35372658, 48.18542063 ], [ 16.3539013, 48.18555473 ], [ 16.35395947, 48.18555244 ] ] ] } },
{ "type": "Feature", "properties": { "id": "FUSSGEHERZONEOGD.1692234", "OBJECTID": 1692234, "ADRESSE": "9., U-Bahn Brücke Spittelau", "ZEITRAUM": "von 6-10.30h", "AUSN_TEXT": "ausgen. Fahrräder sowie Zufahrt zur Ladetätigkeit", "WEBLINK1": "http://www.wien.gv.at/verkehr/verkehrssicherheit/massnahmen/index.html", "SE_ANNO_CAD_DATA": null }, "geometry": { "type": "Polygon", "coordinates": [ [ [ 16.35909238, 48.23541998 ], [ 16.35898271, 48.23540502 ], [ 16.35898027, 48.23540339 ], [ 16.35881216, 48.23544413 ], [ 16.35881216, 48.23545715 ], [ 16.35830772, 48.23540678 ], [ 16.35832961, 48.23527394 ], [ 16.35838797, 48.23500694 ], [ 16.35846826, 48.23472367 ], [ 16.35849747, 48.23464227 ], [ 16.35855838, 48.23464551 ], [ 16.35874092, 48.23417468 ], [ 16.35882135, 48.23418606 ], [ 16.35892844, 48.2338979 ], [ 16.3588407, 48.23388164 ], [ 16.3590062, 48.23343718 ], [ 16.35900375, 48.23339974 ], [ 16.3590013, 48.23338509 ], [ 16.35927176, 48.23335573 ], [ 16.35928395, 48.23336224 ], [ 16.35939609, 48.23346966 ], [ 16.35925726, 48.23362532 ], [ 16.35912819, 48.23378162 ], [ 16.35902593, 48.23395258 ], [ 16.35884337, 48.23440095 ], [ 16.35871926, 48.23478028 ], [ 16.35859031, 48.2352345 ], [ 16.35898024, 48.23533535 ], [ 16.35905578, 48.23531742 ], [ 16.35909238, 48.23541998 ] ] ] } },
{ "type": "Feature", "properties": { "id": "FUSSGEHERZONEOGD.1692235", "OBJECTID": 1692235, "ADRESSE": "16., Ottakringer Straße", "ZEITRAUM": null, "AUSN_TEXT": "ausgen. Fahrräder", "WEBLINK1": "http://www.wien.gv.at/verkehr/verkehrssicherheit/massnahmen/index.html", "SE_ANNO_CAD_DATA": null }, "geometry": { "type": "Polygon", "coordinates": [ [ [ 16.30916272, 48.21396129 ], [ 16.30907377, 48.21397532 ], [ 16.30907052, 48.2139764 ], [ 16.30895892, 48.21399691 ], [ 16.30887481, 48.21401419 ], [ 16.30878747, 48.21404768 ], [ 16.3087357, 48.2140682 ], [ 16.3087664, 48.21411793 ], [ 16.30863862, 48.21415032 ], [ 16.30856259, 48.21418058 ], [ 16.30859167, 48.21421841 ], [ 16.30854638, 48.21423569 ], [ 16.30847845, 48.2142573 ], [ 16.30842506, 48.21429512 ], [ 16.30837976, 48.21429835 ], [ 16.30832971, 48.21415242 ], [ 16.30835397, 48.21414269 ], [ 16.30831038, 48.21401081 ], [ 16.308291, 48.21396324 ], [ 16.30829587, 48.21392001 ], [ 16.30833633, 48.21388002 ], [ 16.30838324, 48.21386166 ], [ 16.30849807, 48.21384223 ], [ 16.30849647, 48.21382926 ], [ 16.30851426, 48.21382061 ], [ 16.30854338, 48.21381306 ], [ 16.30856441, 48.21380009 ], [ 16.30858382, 48.21378172 ], [ 16.30859355, 48.2137547 ], [ 16.30859032, 48.2137266 ], [ 16.30874074, 48.21371258 ], [ 16.30875528, 48.21374285 ], [ 16.30892834, 48.21371479 ], [ 16.30891704, 48.21368344 ], [ 16.30905129, 48.21365752 ], [ 16.30916272, 48.21396129 ] ] ] } },
{ "type": "Feature", "properties": { "id": "FUSSGEHERZONEOGD.1692236", "OBJECTID": 1692236, "ADRESSE": "15., Kardinal-Rauscher-Platz", "ZEITRAUM": "Mo.-Sa. (werkt.) von 6-10.30h", "AUSN_TEXT": "ausgen. Zufahrt zur Ladetätigkeit mit Lastfahrzeugen sowie Zufahrt zu den Stellplätzen im Objekt ONr.3", "WEBLINK1": "http://www.wien.gv.at/verkehr/verkehrssicherheit/massnahmen/index.html", "SE_ANNO_CAD_DATA": null }, "geometry": { "type": "Polygon", "coordinates": [ [ [ 16.32396577, 48.19725708 ], [ 16.32396672, 48.19725391 ], [ 16.3240344, 48.19714448 ], [ 16.32401445, 48.19706166 ], [ 16.3240114, 48.19706047 ], [ 16.32404111, 48.19701085 ], [ 16.32408072, 48.19698634 ], [ 16.32412152, 48.19701408 ], [ 16.32418165, 48.19706578 ], [ 16.32422676, 48.19711893 ], [ 16.32424393, 48.19715483 ], [ 16.32467782, 48.19727695 ], [ 16.32470145, 48.19724105 ], [ 16.32475516, 48.19724393 ], [ 16.32480026, 48.19725829 ], [ 16.32483893, 48.1972741 ], [ 16.3248647, 48.19728989 ], [ 16.32484536, 48.19732292 ], [ 16.32509237, 48.19738901 ], [ 16.3251697, 48.19740912 ], [ 16.32530091, 48.1974469 ], [ 16.32534219, 48.19745832 ], [ 16.32521475, 48.19766906 ], [ 16.32424818, 48.19739898 ], [ 16.32416869, 48.19737743 ], [ 16.32379921, 48.19740755 ], [ 16.32373367, 48.19741176 ], [ 16.32374223, 48.19735144 ], [ 16.32382338, 48.19734645 ], [ 16.32398087, 48.19733683 ], [ 16.3239705, 48.19726245 ], [ 16.32396714, 48.19726017 ], [ 16.32396577, 48.19725708 ] ] ] } },
{ "type": "Feature", "properties": { "id": "FUSSGEHERZONEOGD.1692237", "OBJECTID": 1692237, "ADRESSE": "10., Laaer Wald", "ZEITRAUM": "von 1.4.-30.4. u. 1.10.-31.10. Sa., So. u. FT. v. 8-21h v. 1.5 -30.9.  Mo.-Fr (werkt.) v. 9-12 u 14-19h Sa., So. und FT v. 8-21h", "AUSN_TEXT": "ausgen. Fahrräder", "WEBLINK1": "http://www.wien.gv.at/verkehr/verkehrssicherheit/massnahmen/index.html", "SE_ANNO_CAD_DATA": null }, "geometry": { "type": "Polygon", "coordinates": [ [ [ 16.39843958, 48.16765267 ], [ 16.39861529, 48.16752116 ], [ 16.39861342, 48.16752116 ], [ 16.39902655, 48.16721178 ], [ 16.39932563, 48.16698632 ], [ 16.39971445, 48.16669948 ], [ 16.39973686, 48.16667068 ], [ 16.39999295, 48.16648154 ], [ 16.40000791, 48.16647903 ], [ 16.40014624, 48.16637758 ], [ 16.40044159, 48.16615462 ], [ 16.40057801, 48.16603813 ], [ 16.40065464, 48.16597677 ], [ 16.40087335, 48.16581143 ], [ 16.40096868, 48.16574379 ], [ 16.40112759, 48.16565358 ], [ 16.40120612, 48.16560472 ], [ 16.40137438, 48.16551075 ], [ 16.4014006, 48.16553201 ], [ 16.40143433, 48.16557455 ], [ 16.40141376, 48.16557957 ], [ 16.4013988, 48.16558709 ], [ 16.40125484, 48.16567353 ], [ 16.40116884, 48.16572114 ], [ 16.40112023, 48.1657462 ], [ 16.40100432, 48.16581886 ], [ 16.4008772, 48.16590655 ], [ 16.40082673, 48.16594037 ], [ 16.40074075, 48.16600926 ], [ 16.40064731, 48.16608816 ], [ 16.40070534, 48.16612068 ], [ 16.40065862, 48.16615825 ], [ 16.40053524, 48.16624468 ], [ 16.39980064, 48.16680457 ], [ 16.39978381, 48.16681459 ], [ 16.39973146, 48.16684842 ], [ 16.39934641, 48.16714151 ], [ 16.39935578, 48.16716529 ], [ 16.39929781, 48.1671866 ], [ 16.39926604, 48.16722166 ], [ 16.39924359, 48.16722042 ], [ 16.39898189, 48.16741707 ], [ 16.39899125, 48.16742332 ], [ 16.39894265, 48.1674584 ], [ 16.39892209, 48.16747969 ], [ 16.39861178, 48.16770765 ], [ 16.39851271, 48.1677853 ], [ 16.39848838, 48.16777531 ], [ 16.39840425, 48.16783794 ], [ 16.3982734, 48.16793563 ], [ 16.39807522, 48.16806715 ], [ 16.39804719, 48.1680872 ], [ 16.39793484, 48.16801967 ], [ 16.39809934, 48.16790193 ], [ 16.39830125, 48.16775914 ], [ 16.39843958, 48.16765267 ] ] ] } },
{ "type": "Feature", "properties": { "id": "FUSSGEHERZONEOGD.1692238", "OBJECTID": 1692238, "ADRESSE": "10., Erlachgasse", "ZEITRAUM": null, "AUSN_TEXT": null, "WEBLINK1": "http://www.wien.gv.at/verkehr/verkehrssicherheit/massnahmen/index.html", "SE_ANNO_CAD_DATA": null }, "geometry": { "type": "Polygon", "coordinates": [ [ [ 16.36739406, 48.17772576 ], [ 16.36737351, 48.17758897 ], [ 16.36819035, 48.17754172 ], [ 16.36820961, 48.17767424 ], [ 16.3679335, 48.17769142 ], [ 16.36767784, 48.17770602 ], [ 16.36767656, 48.17770688 ], [ 16.36739406, 48.17772576 ] ] ] } },
{ "type": "Feature", "properties": { "id": "FUSSGEHERZONEOGD.1692239", "OBJECTID": 1692239, "ADRESSE": "8., Lerchenfelder Gürtel", "ZEITRAUM": "(werkt.) von 8-17h", "AUSN_TEXT": "ausgen. Zufahrt zur Ladetätigkeit", "WEBLINK1": "http://www.wien.gv.at/verkehr/verkehrssicherheit/massnahmen/index.html", "SE_ANNO_CAD_DATA": null }, "geometry": { "type": "Polygon", "coordinates": [ [ [ 16.33937863, 48.21108612 ], [ 16.33930557, 48.21109283 ], [ 16.33926546, 48.21109666 ], [ 16.33923968, 48.21109858 ], [ 16.33919383, 48.21110049 ], [ 16.33918237, 48.21103251 ], [ 16.33918379, 48.21101049 ], [ 16.3391709, 48.21100666 ], [ 16.3391623, 48.210999 ], [ 16.33915372, 48.21095496 ], [ 16.33916087, 48.21095112 ], [ 16.3391623, 48.21093676 ], [ 16.33915372, 48.21093293 ], [ 16.33914654, 48.21088601 ], [ 16.33915658, 48.21088123 ], [ 16.33915085, 48.21086782 ], [ 16.33914225, 48.21086399 ], [ 16.33913509, 48.21081899 ], [ 16.33914367, 48.21081517 ], [ 16.33914367, 48.21080176 ], [ 16.33913651, 48.21079889 ], [ 16.33912935, 48.21075292 ], [ 16.33913651, 48.21075005 ], [ 16.33913651, 48.21073473 ], [ 16.33912362, 48.21072899 ], [ 16.33911788, 48.21068494 ], [ 16.33912648, 48.21066005 ], [ 16.33912504, 48.21063994 ], [ 16.33911072, 48.21062654 ], [ 16.33920383, 48.21062558 ], [ 16.33924969, 48.21097027 ], [ 16.33926116, 48.21098655 ], [ 16.33928838, 48.21100952 ], [ 16.33932276, 48.21102293 ], [ 16.33935856, 48.21102868 ], [ 16.33937003, 48.21102868 ], [ 16.33937003, 48.21102963 ], [ 16.33937863, 48.21108612 ] ] ] } },
{ "type": "Feature", "properties": { "id": "FUSSGEHERZONEOGD.1692240", "OBJECTID": 1692240, "ADRESSE": "7., Myrthengasse", "ZEITRAUM": "Mo.-Fr. (werkt.) von 6-10.30h", "AUSN_TEXT": "ausgen. Zufahrt zur Ladetätigkeit sowie ausgen. Fahrräder", "WEBLINK1": "http://www.wien.gv.at/verkehr/verkehrssicherheit/massnahmen/index.html", "SE_ANNO_CAD_DATA": null }, "geometry": { "type": "Polygon", "coordinates": [ [ [ 16.34768797, 48.20436267 ], [ 16.34768722, 48.20439546 ], [ 16.34767629, 48.20547275 ], [ 16.34749902, 48.20548342 ], [ 16.34750127, 48.20529105 ], [ 16.34759073, 48.20528763 ], [ 16.34758846, 48.20439702 ], [ 16.34758886, 48.20435841 ], [ 16.34768797, 48.20436267 ] ] ] } },
{ "type": "Feature", "properties": { "id": "FUSSGEHERZONEOGD.1692241", "OBJECTID": 1692241, "ADRESSE": "1., Kühfußgasse", "ZEITRAUM": "Mo.-Sa. (werkt.) von 6-10.30h", "AUSN_TEXT": "ausgen. Zufahrt zur Ladetätigkeit", "WEBLINK1": "http://www.wien.gv.at/verkehr/verkehrssicherheit/massnahmen/index.html", "SE_ANNO_CAD_DATA": null }, "geometry": { "type": "Polygon", "coordinates": [ [ [ 16.37022466, 48.20981473 ], [ 16.37028643, 48.20974347 ], [ 16.3704336, 48.2098802 ], [ 16.37048906, 48.20994144 ], [ 16.37058819, 48.21004368 ], [ 16.37063865, 48.21011381 ], [ 16.37052421, 48.21017396 ], [ 16.37043156, 48.21002409 ], [ 16.37028861, 48.20981756 ], [ 16.3702268, 48.20981473 ], [ 16.37022466, 48.20981473 ] ] ] } },
{ "type": "Feature", "properties": { "id": "FUSSGEHERZONEOGD.1692242", "OBJECTID": 1692242, "ADRESSE": "2., Praterstern", "ZEITRAUM": null, "AUSN_TEXT": "ausgen. Fahrräder Straßenbahn und städtische Linienomnibusse", "WEBLINK1": "http://www.wien.gv.at/verkehr/verkehrssicherheit/massnahmen/index.html", "SE_ANNO_CAD_DATA": null }, "geometry": { "type": "MultiPolygon", "coordinates": [ [ [ [ 16.39266193, 48.21761089 ], [ 16.39266195, 48.21761092 ], [ 16.39266163, 48.21761499 ], [ 16.3926615, 48.21761704 ], [ 16.39266139, 48.21761908 ], [ 16.3926613, 48.21762113 ], [ 16.39266129, 48.21762148 ], [ 16.39266127, 48.21762183 ], [ 16.39266127, 48.21762218 ], [ 16.39266126, 48.21762253 ], [ 16.39266126, 48.21762288 ], [ 16.39266126, 48.21762323 ], [ 16.39266126, 48.21762358 ], [ 16.39266126, 48.21762393 ], [ 16.39266126, 48.21762429 ], [ 16.39266126, 48.21762464 ], [ 16.39266128, 48.21762499 ], [ 16.39266129, 48.21762534 ], [ 16.39266129, 48.21762569 ], [ 16.39266131, 48.21762604 ], [ 16.39266132, 48.21762639 ], [ 16.39266139, 48.21762813 ], [ 16.39266148, 48.21762987 ], [ 16.39266159, 48.21763161 ], [ 16.39266173, 48.21763334 ], [ 16.39266188, 48.21763508 ], [ 16.39266206, 48.21763681 ], [ 16.39266225, 48.21763855 ], [ 16.39266245, 48.21764028 ], [ 16.39266268, 48.21764202 ], [ 16.39266293, 48.21764375 ], [ 16.3926632, 48.21764548 ], [ 16.39266348, 48.21764722 ], [ 16.39266379, 48.21764895 ], [ 16.39266412, 48.21765068 ], [ 16.39266446, 48.21765241 ], [ 16.39266481, 48.21765401 ], [ 16.3926652, 48.21765558 ], [ 16.39266565, 48.21765715 ], [ 16.39266613, 48.21765872 ], [ 16.39266666, 48.21766027 ], [ 16.39266723, 48.21766183 ], [ 16.39266785, 48.21766338 ], [ 16.39266848, 48.21766491 ], [ 16.39266917, 48.21766644 ], [ 16.39266988, 48.21766798 ], [ 16.39267063, 48.2176695 ], [ 16.39267139, 48.21767103 ], [ 16.3926722, 48.21767255 ], [ 16.39267303, 48.21767407 ], [ 16.39267388, 48.21767559 ], [ 16.3926741, 48.21767598 ], [ 16.39267435, 48.21767637 ], [ 16.39267459, 48.21767676 ], [ 16.39267483, 48.21767714 ], [ 16.39267509, 48.21767753 ], [ 16.39267536, 48.21767791 ], [ 16.39267563, 48.21767827 ], [ 16.39267591, 48.21767865 ], [ 16.39267619, 48.21767902 ], [ 16.39267649, 48.21767939 ], [ 16.39267679, 48.21767976 ], [ 16.39267708, 48.21768013 ], [ 16.39267741, 48.21768049 ], [ 16.39267772, 48.21768085 ], [ 16.39267804, 48.21768122 ], [ 16.39267937, 48.2176827 ], [ 16.39268072, 48.21768415 ], [ 16.39268209, 48.21768559 ], [ 16.39268348, 48.21768701 ], [ 16.39268491, 48.21768841 ], [ 16.39268635, 48.21768981 ], [ 16.39268783, 48.21769118 ], [ 16.39268934, 48.21769254 ], [ 16.39269088, 48.21769389 ], [ 16.39269245, 48.21769522 ], [ 16.39269406, 48.21769653 ], [ 16.39269571, 48.21769783 ], [ 16.3926974, 48.21769913 ], [ 16.39269913, 48.2177004 ], [ 16.3926993, 48.21770052 ], [ 16.39270091, 48.21770166 ], [ 16.3927021, 48.21770247 ], [ 16.39270216, 48.21770252 ], [ 16.39270343, 48.21770335 ], [ 16.39270471, 48.21770417 ], [ 16.39270602, 48.21770497 ], [ 16.39270732, 48.21770574 ], [ 16.39270867, 48.21770651 ], [ 16.39271001, 48.21770725 ], [ 16.39271139, 48.21770797 ], [ 16.39271279, 48.21770868 ], [ 16.3927142, 48.21770936 ], [ 16.39271564, 48.21771004 ], [ 16.3927171, 48.21771069 ], [ 16.39271858, 48.21771133 ], [ 16.39272009, 48.21771195 ], [ 16.39272161, 48.21771255 ], [ 16.39272336, 48.21771322 ], [ 16.39272512, 48.21771389 ], [ 16.39272688, 48.21771454 ], [ 16.39272865, 48.21771517 ], [ 16.39273042, 48.2177158 ], [ 16.3927322, 48.21771641 ], [ 16.39273398, 48.21771701 ], [ 16.39273578, 48.2177176 ], [ 16.39273759, 48.21771817 ], [ 16.39273939, 48.21771874 ], [ 16.39274122, 48.21771928 ], [ 16.39274305, 48.21771982 ], [ 16.3927449, 48.21772033 ], [ 16.39274675, 48.21772084 ], [ 16.39274862, 48.21772132 ], [ 16.39275095, 48.21772192 ], [ 16.39275328, 48.21772251 ], [ 16.39275561, 48.21772308 ], [ 16.39275794, 48.21772366 ], [ 16.39276027, 48.21772422 ], [ 16.39276261, 48.21772478 ], [ 16.39276494, 48.21772533 ], [ 16.39276728, 48.21772586 ], [ 16.39276964, 48.21772638 ], [ 16.39277199, 48.21772689 ], [ 16.39277436, 48.21772739 ], [ 16.39277673, 48.21772787 ], [ 16.3927791, 48.21772834 ], [ 16.39278149, 48.21772879 ], [ 16.39278389, 48.21772923 ], [ 16.39278673, 48.21772973 ], [ 16.39278958, 48.21773023 ], [ 16.39279242, 48.21773072 ], [ 16.39279528, 48.21773119 ], [ 16.39279813, 48.21773167 ], [ 16.39280098, 48.21773213 ], [ 16.39280384, 48.21773257 ], [ 16.3928067, 48.21773301 ], [ 16.39280956, 48.21773343 ], [ 16.39281244, 48.21773385 ], [ 16.3928153, 48.21773424 ], [ 16.39281818, 48.21773463 ], [ 16.39282107, 48.21773499 ], [ 16.39282396, 48.21773534 ], [ 16.39282685, 48.21773567 ], [ 16.39283031, 48.21773606 ], [ 16.39283376, 48.21773644 ], [ 16.39283722, 48.21773682 ], [ 16.39284067, 48.21773719 ], [ 16.39284413, 48.21773755 ], [ 16.39284759, 48.2177379 ], [ 16.39285105, 48.21773825 ], [ 16.39285451, 48.21773858 ], [ 16.39285798, 48.21773891 ], [ 16.39286144, 48.21773922 ], [ 16.39286491, 48.21773951 ], [ 16.39286839, 48.2177398 ], [ 16.39287186, 48.21774007 ], [ 16.39287533, 48.21774032 ], [ 16.39305329, 48.21775598 ], [ 16.39305698, 48.21776195 ], [ 16.39308056, 48.21779844 ], [ 16.39309317, 48.21779747 ], [ 16.39315776, 48.21783008 ], [ 16.39316314, 48.21784105 ], [ 16.39317361, 48.2178449 ], [ 16.39318683, 48.2178486 ], [ 16.39320442, 48.21785179 ], [ 16.39321945, 48.21785311 ], [ 16.39323438, 48.21785354 ], [ 16.39324895, 48.21785152 ], [ 16.39326878, 48.21784359 ], [ 16.39330369, 48.21782321 ], [ 16.39332041, 48.21781587 ], [ 16.39332838, 48.21781325 ], [ 16.39334259, 48.21780974 ], [ 16.39335728, 48.21780749 ], [ 16.39336665, 48.217806 ], [ 16.39337573, 48.21780445 ], [ 16.39340279, 48.21780004 ], [ 16.393421, 48.21789108 ], [ 16.39343415, 48.21800042 ], [ 16.39342483, 48.2180091 ], [ 16.39338809, 48.21801241 ], [ 16.39335188, 48.21802193 ], [ 16.39332033, 48.21803857 ], [ 16.39330272, 48.21805483 ], [ 16.39328717, 48.21808106 ], [ 16.3932666, 48.21820194 ], [ 16.3932599, 48.21822348 ], [ 16.39324844, 48.21822984 ], [ 16.39323047, 48.21823113 ], [ 16.3931353, 48.21881766 ], [ 16.39316293, 48.21883228 ], [ 16.39314761, 48.21886736 ], [ 16.39311436, 48.21888705 ], [ 16.39304783, 48.21891959 ], [ 16.3929826, 48.21895555 ], [ 16.39295193, 48.21900261 ], [ 16.39295711, 48.21905906 ], [ 16.39297378, 48.21908043 ], [ 16.39296485, 48.21911123 ], [ 16.39292777, 48.21915231 ], [ 16.39288301, 48.2191797 ], [ 16.39278067, 48.21922936 ], [ 16.39264759, 48.2192645 ], [ 16.39254009, 48.21927909 ], [ 16.39253623, 48.21925856 ], [ 16.39238323, 48.21926194 ], [ 16.39221372, 48.21924698 ], [ 16.39207869, 48.21921798 ], [ 16.39195116, 48.21918196 ], [ 16.3917966, 48.21912289 ], [ 16.39178012, 48.21913894 ], [ 16.3917381, 48.21911691 ], [ 16.39169906, 48.21908284 ], [ 16.39167953, 48.21904977 ], [ 16.39166598, 48.21900969 ], [ 16.39164195, 48.21898063 ], [ 16.39160442, 48.21895258 ], [ 16.39155791, 48.21893356 ], [ 16.3915129, 48.21892556 ], [ 16.3914589, 48.2189296 ], [ 16.39140043, 48.21894767 ], [ 16.39134647, 48.21898278 ], [ 16.39131352, 48.21903191 ], [ 16.39129103, 48.21903793 ], [ 16.39114694, 48.2189528 ], [ 16.39097732, 48.2188326 ], [ 16.39087823, 48.21874744 ], [ 16.39077136, 48.21864111 ], [ 16.39077983, 48.218443 ], [ 16.39081762, 48.21825053 ], [ 16.39049162, 48.2182293 ], [ 16.39046685, 48.21814648 ], [ 16.39044998, 48.21807008 ], [ 16.39044596, 48.21798711 ], [ 16.39046528, 48.21791122 ], [ 16.39048254, 48.21787207 ], [ 16.39050655, 48.21783527 ], [ 16.39053309, 48.21780227 ], [ 16.3906077, 48.21773022 ], [ 16.39071895, 48.21764107 ], [ 16.39081063, 48.21757336 ], [ 16.39089916, 48.21751285 ], [ 16.39106177, 48.21740884 ], [ 16.39122834, 48.21731681 ], [ 16.39134066, 48.21726154 ], [ 16.39150861, 48.21718731 ], [ 16.39161107, 48.21714709 ], [ 16.39173505, 48.21710305 ], [ 16.39187864, 48.21705816 ], [ 16.39190964, 48.21705264 ], [ 16.39193115, 48.21705263 ], [ 16.39197608, 48.21706107 ], [ 16.39199444, 48.21706529 ], [ 16.39201786, 48.21706824 ], [ 16.39203937, 48.21706865 ], [ 16.39206721, 48.21706821 ], [ 16.39219944, 48.2170525 ], [ 16.39222057, 48.21704837 ], [ 16.39224191, 48.21703662 ], [ 16.39226183, 48.2170198 ], [ 16.39229044, 48.21714602 ], [ 16.39232109, 48.21727238 ], [ 16.39235217, 48.21729873 ], [ 16.39243778, 48.21730481 ], [ 16.39243186, 48.21737598 ], [ 16.39252208, 48.21758644 ], [ 16.39253116, 48.21759519 ], [ 16.39255142, 48.21760152 ], [ 16.39256597, 48.21760067 ], [ 16.39258115, 48.21759389 ], [ 16.39266193, 48.21761089 ] ], [ [ 16.39197725, 48.2171073 ], [ 16.39196269, 48.21726376 ], [ 16.39202181, 48.21726652 ], [ 16.39228917, 48.21727897 ], [ 16.3922412, 48.21707432 ], [ 16.39197725, 48.2171073 ] ], [ [ 16.39190731, 48.21775631 ], [ 16.39248804, 48.21775599 ], [ 16.39230498, 48.21732727 ], [ 16.39195809, 48.21731042 ], [ 16.39190731, 48.21775631 ] ], [ [ 16.39170214, 48.21897276 ], [ 16.39172897, 48.21897697 ], [ 16.39172643, 48.21899243 ], [ 16.39179407, 48.21904623 ], [ 16.39191154, 48.21910914 ], [ 16.39202091, 48.21915238 ], [ 16.39217271, 48.21919419 ], [ 16.3922912, 48.2192154 ], [ 16.39241215, 48.21922359 ], [ 16.3925251, 48.21921922 ], [ 16.3925527, 48.21921661 ], [ 16.39258405, 48.21903847 ], [ 16.39259603, 48.21903983 ], [ 16.39264195, 48.21878663 ], [ 16.39304955, 48.21881162 ], [ 16.39312721, 48.21838039 ], [ 16.3926221, 48.2183534 ], [ 16.39258219, 48.21806156 ], [ 16.39253958, 48.21792312 ], [ 16.39188574, 48.21792294 ], [ 16.39187171, 48.21802654 ], [ 16.39186158, 48.21802629 ], [ 16.39170214, 48.21897276 ] ] ] ] } },
{ "type": "Feature", "properties": { "id": "FUSSGEHERZONEOGD.1692243", "OBJECTID": 1692243, "ADRESSE": "2., Jakov-Lind-Straße", "ZEITRAUM": null, "AUSN_TEXT": "ausgen. Fahrräder", "WEBLINK1": "http://www.wien.gv.at/verkehr/verkehrssicherheit/massnahmen/index.html", "SE_ANNO_CAD_DATA": null }, "geometry": { "type": "Polygon", "coordinates": [ [ [ 16.39628807, 48.22461723 ], [ 16.39642537, 48.22449533 ], [ 16.39932736, 48.22599442 ], [ 16.3991585, 48.22613574 ], [ 16.39628807, 48.22461723 ] ] ] } },
{ "type": "Feature", "properties": { "id": "FUSSGEHERZONEOGD.1692244", "OBJECTID": 1692244, "ADRESSE": "1., Fichtegasse", "ZEITRAUM": null, "AUSN_TEXT": "ausgen. Fahrräder, Änderung ID_3", "WEBLINK1": "http://www.wien.gv.at/verkehr/verkehrssicherheit/massnahmen/index.html", "SE_ANNO_CAD_DATA": null }, "geometry": { "type": "Polygon", "coordinates": [ [ [ 16.37447448, 48.20359368 ], [ 16.37434097, 48.20341874 ], [ 16.37443521, 48.20337575 ], [ 16.37443068, 48.20337119 ], [ 16.37473407, 48.20323245 ], [ 16.37473854, 48.20323699 ], [ 16.37483252, 48.20319366 ], [ 16.37504013, 48.20333323 ], [ 16.37447448, 48.20359368 ] ] ] } },
{ "type": "Feature", "properties": { "id": "FUSSGEHERZONEOGD.1692245", "OBJECTID": 1692245, "ADRESSE": "1., Dr.-Karl-Renner-Ring", "ZEITRAUM": null, "AUSN_TEXT": "ausgen. Fahrräder und Fahrzeuge im öffentlichen Dienst für Parlamentszwecke", "WEBLINK1": "http://www.wien.gv.at/verkehr/verkehrssicherheit/massnahmen/index.html", "SE_ANNO_CAD_DATA": null }, "geometry": { "type": "Polygon", "coordinates": [ [ [ 16.3593589, 48.20722664 ], [ 16.35938059, 48.2072247 ], [ 16.35939325, 48.20722315 ], [ 16.3593953, 48.20722294 ], [ 16.35939658, 48.20722281 ], [ 16.35939733, 48.20722274 ], [ 16.35939937, 48.20722256 ], [ 16.35940142, 48.20722238 ], [ 16.35940346, 48.20722221 ], [ 16.35940551, 48.20722205 ], [ 16.35940755, 48.20722188 ], [ 16.3594096, 48.20722173 ], [ 16.35941156, 48.20722159 ], [ 16.35941164, 48.20722159 ], [ 16.35941369, 48.20722144 ], [ 16.35941573, 48.20722131 ], [ 16.35941778, 48.20722116 ], [ 16.35941982, 48.20722103 ], [ 16.35942188, 48.20722089 ], [ 16.35942393, 48.20722076 ], [ 16.35942643, 48.2072206 ], [ 16.35942894, 48.20722046 ], [ 16.35943146, 48.20722034 ], [ 16.35943396, 48.20722024 ], [ 16.35943648, 48.20722014 ], [ 16.35943901, 48.20722007 ], [ 16.35944152, 48.20722001 ], [ 16.35944404, 48.20721995 ], [ 16.35944655, 48.20721991 ], [ 16.35944907, 48.20721988 ], [ 16.3594516, 48.20721985 ], [ 16.35945412, 48.20721983 ], [ 16.35945663, 48.20721982 ], [ 16.35945915, 48.20721981 ], [ 16.35946166, 48.20721981 ], [ 16.35946334, 48.20721983 ], [ 16.35946536, 48.20721985 ], [ 16.35946905, 48.20721994 ], [ 16.35947202, 48.20722008 ], [ 16.35947272, 48.20722011 ], [ 16.35947638, 48.20722033 ], [ 16.35948004, 48.20722063 ], [ 16.35948369, 48.207221 ], [ 16.35948731, 48.20722144 ], [ 16.35949094, 48.20722195 ], [ 16.35949455, 48.20722253 ], [ 16.35949815, 48.20722319 ], [ 16.35950176, 48.20722391 ], [ 16.35950503, 48.20722464 ], [ 16.35950535, 48.20722472 ], [ 16.3595069, 48.20722514 ], [ 16.35951528, 48.20722735 ], [ 16.3595161, 48.20722759 ], [ 16.35951968, 48.20722871 ], [ 16.35952317, 48.20722992 ], [ 16.35952656, 48.20723119 ], [ 16.35952984, 48.20723253 ], [ 16.35953303, 48.20723395 ], [ 16.35953613, 48.20723545 ], [ 16.35953911, 48.207237 ], [ 16.35953919, 48.20723706 ], [ 16.35954197, 48.20723865 ], [ 16.35954251, 48.20723899 ], [ 16.35954473, 48.20724036 ], [ 16.35954738, 48.20724216 ], [ 16.35954991, 48.20724402 ], [ 16.35955232, 48.20724596 ], [ 16.35955459, 48.20724799 ], [ 16.35955676, 48.20725008 ], [ 16.35955851, 48.20725196 ], [ 16.35955167, 48.20724668 ], [ 16.35955867, 48.20725218 ], [ 16.35956087, 48.20725475 ], [ 16.35956122, 48.20725515 ], [ 16.3595619, 48.20725582 ], [ 16.35956339, 48.20725762 ], [ 16.35956486, 48.20725941 ], [ 16.35956497, 48.20725955 ], [ 16.35956998, 48.2072654 ], [ 16.35957321, 48.20727045 ], [ 16.35957426, 48.20727211 ], [ 16.359579, 48.20727951 ], [ 16.35958143, 48.20728337 ], [ 16.35958263, 48.20728528 ], [ 16.3595838, 48.20728718 ], [ 16.35958499, 48.20728909 ], [ 16.35958617, 48.207291 ], [ 16.35958735, 48.2072929 ], [ 16.3595885, 48.20729482 ], [ 16.35958965, 48.20729673 ], [ 16.35959079, 48.20729865 ], [ 16.35959191, 48.20730057 ], [ 16.359593, 48.20730248 ], [ 16.35959406, 48.20730438 ], [ 16.35959409, 48.20730443 ], [ 16.35959426, 48.20730474 ], [ 16.35959516, 48.20730637 ], [ 16.35959619, 48.20730831 ], [ 16.35959763, 48.20731121 ], [ 16.35960316, 48.20732234 ], [ 16.35960808, 48.20733225 ], [ 16.35960841, 48.20733291 ], [ 16.35961252, 48.20734117 ], [ 16.35961767, 48.20735154 ], [ 16.35961964, 48.20735549 ], [ 16.35962118, 48.2073586 ], [ 16.35962407, 48.20736441 ], [ 16.35962924, 48.20736795 ], [ 16.35963013, 48.20736856 ], [ 16.35963264, 48.20737028 ], [ 16.35963609, 48.20737264 ], [ 16.35963716, 48.20737495 ], [ 16.35964184, 48.20738536 ], [ 16.35964166, 48.20738506 ], [ 16.35964495, 48.2073924 ], [ 16.35964713, 48.20739727 ], [ 16.35964985, 48.20740331 ], [ 16.35964968, 48.20740276 ], [ 16.35965069, 48.20740508 ], [ 16.35965168, 48.20740741 ], [ 16.35965245, 48.2074092 ], [ 16.3596532, 48.20741099 ], [ 16.35965396, 48.20741278 ], [ 16.35965471, 48.20741457 ], [ 16.35965495, 48.20741514 ], [ 16.35965544, 48.2074163 ], [ 16.35965547, 48.20741636 ], [ 16.35965621, 48.20741815 ], [ 16.35965696, 48.20741994 ], [ 16.3596577, 48.20742172 ], [ 16.35965843, 48.20742352 ], [ 16.3596588, 48.20742441 ], [ 16.35965917, 48.20742531 ], [ 16.3596599, 48.2074271 ], [ 16.35965996, 48.20742726 ], [ 16.35966063, 48.2074289 ], [ 16.35966134, 48.2074307 ], [ 16.35966207, 48.20743249 ], [ 16.35966277, 48.20743426 ], [ 16.35966278, 48.20743429 ], [ 16.35966395, 48.20743738 ], [ 16.35966511, 48.20744047 ], [ 16.35966626, 48.20744357 ], [ 16.35966739, 48.20744667 ], [ 16.35966849, 48.20744977 ], [ 16.35966948, 48.20745253 ], [ 16.3596696, 48.20745288 ], [ 16.35967066, 48.20745599 ], [ 16.35967173, 48.2074591 ], [ 16.35967275, 48.20746213 ], [ 16.35967335, 48.20746396 ], [ 16.3596738, 48.20746532 ], [ 16.35967481, 48.20746844 ], [ 16.35967579, 48.20747156 ], [ 16.35967678, 48.20747468 ], [ 16.35967774, 48.2074778 ], [ 16.35967865, 48.20748085 ], [ 16.35967868, 48.20748093 ], [ 16.35967959, 48.20748425 ], [ 16.35968055, 48.20748725 ], [ 16.35968554, 48.20750401 ], [ 16.35968989, 48.2075186 ], [ 16.35969637, 48.20754035 ], [ 16.3596991, 48.20754954 ], [ 16.35970229, 48.20756025 ], [ 16.35970558, 48.20757128 ], [ 16.35970727, 48.20757696 ], [ 16.35970832, 48.20758049 ], [ 16.35971059, 48.20758812 ], [ 16.35971944, 48.20761782 ], [ 16.35972033, 48.20762082 ], [ 16.35972239, 48.20762772 ], [ 16.35972385, 48.20763262 ], [ 16.35973079, 48.20765593 ], [ 16.35973877, 48.20768269 ], [ 16.35973931, 48.20768453 ], [ 16.35974014, 48.2076873 ], [ 16.35974539, 48.20770494 ], [ 16.35974609, 48.20770731 ], [ 16.35974024, 48.20771413 ], [ 16.35973991, 48.20771545 ], [ 16.35974382, 48.20772887 ], [ 16.35974943, 48.20774813 ], [ 16.35975139, 48.20775487 ], [ 16.35975539, 48.20776858 ], [ 16.35975761, 48.20777621 ], [ 16.35976156, 48.20778977 ], [ 16.35976259, 48.2077933 ], [ 16.359766, 48.20780501 ], [ 16.35976677, 48.20780764 ], [ 16.35977574, 48.20783844 ], [ 16.35978045, 48.20785459 ], [ 16.35978651, 48.20787541 ], [ 16.35978737, 48.20787835 ], [ 16.35979515, 48.20790506 ], [ 16.35980181, 48.20792789 ], [ 16.35980227, 48.20792947 ], [ 16.35980537, 48.20793991 ], [ 16.35980602, 48.20794209 ], [ 16.35980621, 48.20794274 ], [ 16.35981787, 48.20798196 ], [ 16.35983292, 48.20803263 ], [ 16.35983363, 48.20803502 ], [ 16.35983397, 48.20803616 ], [ 16.35984629, 48.2080776 ], [ 16.35984784, 48.20808259 ], [ 16.35986526, 48.20814111 ], [ 16.35987176, 48.2081633 ], [ 16.35987292, 48.20816727 ], [ 16.35988455, 48.20820699 ], [ 16.359885, 48.20820851 ], [ 16.35988575, 48.20821106 ], [ 16.35988859, 48.20822077 ], [ 16.35989027, 48.20822651 ], [ 16.35989319, 48.20823648 ], [ 16.35989542, 48.20824408 ], [ 16.35989646, 48.20824762 ], [ 16.35990333, 48.20827109 ], [ 16.35990814, 48.20828749 ], [ 16.35990858, 48.20828901 ], [ 16.35990961, 48.20829253 ], [ 16.35990967, 48.20829273 ], [ 16.35991636, 48.20831555 ], [ 16.35991782, 48.20832056 ], [ 16.35992035, 48.20832919 ], [ 16.35992038, 48.20832928 ], [ 16.35994889, 48.20842409 ], [ 16.35994818, 48.20842419 ], [ 16.35994921, 48.20842773 ], [ 16.35995271, 48.20843965 ], [ 16.35995716, 48.20845485 ], [ 16.35995935, 48.2084623 ], [ 16.35995985, 48.20846403 ], [ 16.35996003, 48.20846519 ], [ 16.35996082, 48.20847028 ], [ 16.35996098, 48.20847131 ], [ 16.35996104, 48.20847259 ], [ 16.35996117, 48.20847533 ], [ 16.3599616, 48.20848425 ], [ 16.35996163, 48.20848478 ], [ 16.35996164, 48.20848519 ], [ 16.35996163, 48.2084854 ], [ 16.3599611, 48.20849383 ], [ 16.35996073, 48.20849665 ], [ 16.35996065, 48.2084972 ], [ 16.35996045, 48.20849955 ], [ 16.35996016, 48.20850087 ], [ 16.35995985, 48.20850228 ], [ 16.35995931, 48.20850509 ], [ 16.35995872, 48.2085079 ], [ 16.35995834, 48.20850958 ], [ 16.35995506, 48.2085213 ], [ 16.35995444, 48.20852319 ], [ 16.35995258, 48.20852793 ], [ 16.3599505, 48.20853261 ], [ 16.35994816, 48.20853722 ], [ 16.35994556, 48.20854178 ], [ 16.35994273, 48.20854627 ], [ 16.35993962, 48.20855071 ], [ 16.35993627, 48.20855509 ], [ 16.35993267, 48.20855943 ], [ 16.35992881, 48.20856371 ], [ 16.35992468, 48.20856794 ], [ 16.3599203, 48.20857212 ], [ 16.35991564, 48.20857625 ], [ 16.35991072, 48.20858034 ], [ 16.35990757, 48.20858281 ], [ 16.35990638, 48.20858374 ], [ 16.35990198, 48.20858703 ], [ 16.3598975, 48.20859017 ], [ 16.35989294, 48.2085932 ], [ 16.35989029, 48.20859486 ], [ 16.3598883, 48.2085961 ], [ 16.35988358, 48.20859888 ], [ 16.35987876, 48.20860155 ], [ 16.35987385, 48.2086041 ], [ 16.35986885, 48.20860654 ], [ 16.35986374, 48.20860887 ], [ 16.35985852, 48.2086111 ], [ 16.35985318, 48.20861321 ], [ 16.35984772, 48.20861523 ], [ 16.35984213, 48.20861715 ], [ 16.35983643, 48.20861896 ], [ 16.3598343, 48.20861961 ], [ 16.35983218, 48.20862025 ], [ 16.35983005, 48.20862088 ], [ 16.35982793, 48.2086215 ], [ 16.3598258, 48.20862211 ], [ 16.35982366, 48.20862271 ], [ 16.35982154, 48.20862329 ], [ 16.35982077, 48.2086235 ], [ 16.35982045, 48.20862359 ], [ 16.35980404, 48.20862737 ], [ 16.35980278, 48.20862762 ], [ 16.35979758, 48.20862863 ], [ 16.3597932, 48.20862925 ], [ 16.35978593, 48.20863022 ], [ 16.35977878, 48.20863117 ], [ 16.35977751, 48.20863134 ], [ 16.35977827, 48.20862934 ], [ 16.35977635, 48.20862968 ], [ 16.35976492, 48.20851317 ], [ 16.35975732, 48.20845999 ], [ 16.3597194, 48.20841694 ], [ 16.35964361, 48.20838403 ], [ 16.35956404, 48.20837138 ], [ 16.35949204, 48.20836127 ], [ 16.35942761, 48.20834102 ], [ 16.35937456, 48.20830811 ], [ 16.35932906, 48.20826506 ], [ 16.35918105, 48.20773068 ], [ 16.3591886, 48.20766483 ], [ 16.35921131, 48.20761164 ], [ 16.35926812, 48.20757111 ], [ 16.3593401, 48.2075407 ], [ 16.35939692, 48.2075103 ], [ 16.35943101, 48.20747736 ], [ 16.35943478, 48.20742164 ], [ 16.35941959, 48.20736086 ], [ 16.3593589, 48.20722664 ] ] ] } },
{ "type": "Feature", "properties": { "id": "FUSSGEHERZONEOGD.1692246", "OBJECTID": 1692246, "ADRESSE": "1., Schmerlingplatz", "ZEITRAUM": null, "AUSN_TEXT": "ausgen. Fahrräder", "WEBLINK1": "http://www.wien.gv.at/verkehr/verkehrssicherheit/massnahmen/index.html", "SE_ANNO_CAD_DATA": null }, "geometry": { "type": "Polygon", "coordinates": [ [ [ 16.35935582, 48.20719606 ], [ 16.35926969, 48.20710976 ], [ 16.35927095, 48.20709876 ], [ 16.35927095, 48.20708776 ], [ 16.35926588, 48.20708352 ], [ 16.35924816, 48.20707761 ], [ 16.35923422, 48.20706831 ], [ 16.35922789, 48.20705984 ], [ 16.35922661, 48.20702684 ], [ 16.35926712, 48.20702768 ], [ 16.3592671, 48.20697606 ], [ 16.35922912, 48.20697691 ], [ 16.35922784, 48.20694729 ], [ 16.35923163, 48.20693545 ], [ 16.35924682, 48.20692783 ], [ 16.35926202, 48.20692444 ], [ 16.3592696, 48.20691767 ], [ 16.35927467, 48.20690666 ], [ 16.35927086, 48.20689735 ], [ 16.35928604, 48.20688635 ], [ 16.35947853, 48.20700055 ], [ 16.35954445, 48.20718586 ], [ 16.35951533, 48.20718163 ], [ 16.3594976, 48.20718079 ], [ 16.35947482, 48.2071808 ], [ 16.35935582, 48.20719606 ] ] ] } },
{ "type": "Feature", "properties": { "id": "FUSSGEHERZONEOGD.1692247", "OBJECTID": 1692247, "ADRESSE": "1., Dr.-Karl-Lueger-Platz", "ZEITRAUM": null, "AUSN_TEXT": "ausgen. Fahrräder", "WEBLINK1": "http://www.wien.gv.at/verkehr/verkehrssicherheit/massnahmen/index.html", "SE_ANNO_CAD_DATA": null }, "geometry": { "type": "Polygon", "coordinates": [ [ [ 16.37940405, 48.20784124 ], [ 16.37941304, 48.20785616 ], [ 16.37920187, 48.20795041 ], [ 16.37896809, 48.20770604 ], [ 16.37914476, 48.20761723 ], [ 16.37916753, 48.20763593 ], [ 16.37915279, 48.20764165 ], [ 16.37918587, 48.20767577 ], [ 16.3792042, 48.20766785 ], [ 16.37932676, 48.20776834 ], [ 16.37940405, 48.20784124 ] ] ] } },
{ "type": "Feature", "properties": { "id": "FUSSGEHERZONEOGD.1692248", "OBJECTID": 1692248, "ADRESSE": "1., Stubenbastei", "ZEITRAUM": null, "AUSN_TEXT": "ausgen. Fahrräder", "WEBLINK1": "http://www.wien.gv.at/verkehr/verkehrssicherheit/massnahmen/index.html", "SE_ANNO_CAD_DATA": null }, "geometry": { "type": "Polygon", "coordinates": [ [ [ 16.37885137, 48.20754329 ], [ 16.3785461, 48.20723688 ], [ 16.3785435, 48.20723495 ], [ 16.3785277, 48.20722912 ], [ 16.37852989, 48.20721956 ], [ 16.3785093, 48.20721071 ], [ 16.37850266, 48.20721249 ], [ 16.37849721, 48.20721599 ], [ 16.37848848, 48.20721226 ], [ 16.37850337, 48.20719297 ], [ 16.37843591, 48.20712719 ], [ 16.3786165, 48.20704502 ], [ 16.37886465, 48.20728941 ], [ 16.37906601, 48.2074832 ], [ 16.37885137, 48.20754329 ] ] ] } },
{ "type": "Feature", "properties": { "id": "FUSSGEHERZONEOGD.1692249", "OBJECTID": 1692249, "ADRESSE": "1., Stubenbastei", "ZEITRAUM": null, "AUSN_TEXT": "ausgen. Fahrräder", "WEBLINK1": "http://www.wien.gv.at/verkehr/verkehrssicherheit/massnahmen/index.html", "SE_ANNO_CAD_DATA": null }, "geometry": { "type": "Polygon", "coordinates": [ [ [ 16.37831595, 48.20701749 ], [ 16.37796094, 48.20666711 ], [ 16.37814852, 48.206588 ], [ 16.37850096, 48.20693324 ], [ 16.37831595, 48.20701749 ] ] ] } },
{ "type": "Feature", "properties": { "id": "FUSSGEHERZONEOGD.1692250", "OBJECTID": 1692250, "ADRESSE": "6., Mittelgasse", "ZEITRAUM": null, "AUSN_TEXT": "ausgen. Fahrräder", "WEBLINK1": "http://www.wien.gv.at/verkehr/verkehrssicherheit/massnahmen/index.html", "SE_ANNO_CAD_DATA": null }, "geometry": { "type": "Polygon", "coordinates": [ [ [ 16.34112545, 48.19294376 ], [ 16.34111557, 48.19294 ], [ 16.34094795, 48.1928762 ], [ 16.34088036, 48.19285046 ], [ 16.34083082, 48.1928316 ], [ 16.34083012, 48.19283133 ], [ 16.34080181, 48.19282055 ], [ 16.34078428, 48.19281387 ], [ 16.34078295, 48.1928134 ], [ 16.34077991, 48.19281146 ], [ 16.34072799, 48.19279165 ], [ 16.34070966, 48.19278466 ], [ 16.34068607, 48.19277566 ], [ 16.34065811, 48.19276499 ], [ 16.34054799, 48.19272298 ], [ 16.34046851, 48.19269384 ], [ 16.3404816, 48.19267834 ], [ 16.34041261, 48.19265211 ], [ 16.34041206, 48.1926519 ], [ 16.34020504, 48.19257146 ], [ 16.34020036, 48.19257043 ], [ 16.34008063, 48.1925252 ], [ 16.34013072, 48.19245466 ], [ 16.34036317, 48.19254437 ], [ 16.34038885, 48.19255428 ], [ 16.34039712, 48.19255747 ], [ 16.34039833, 48.19255631 ], [ 16.34039954, 48.1925564 ], [ 16.34039725, 48.19255918 ], [ 16.34040678, 48.19256281 ], [ 16.34042917, 48.19257133 ], [ 16.34043788, 48.19257465 ], [ 16.34043922, 48.1925733 ], [ 16.34050004, 48.19259688 ], [ 16.34052072, 48.1926049 ], [ 16.34062336, 48.1926447 ], [ 16.34062229, 48.19264632 ], [ 16.34062982, 48.1926492 ], [ 16.34063062, 48.1926483 ], [ 16.34063224, 48.19264893 ], [ 16.34063278, 48.19264848 ], [ 16.3406547, 48.19265711 ], [ 16.3406543, 48.19265774 ], [ 16.34065591, 48.19265837 ], [ 16.34065537, 48.19265927 ], [ 16.34066277, 48.19266224 ], [ 16.34066467, 48.19265997 ], [ 16.34070756, 48.19267677 ], [ 16.34076611, 48.19269933 ], [ 16.34077663, 48.1927034 ], [ 16.34077584, 48.19270437 ], [ 16.3407875, 48.19270892 ], [ 16.34078824, 48.19270807 ], [ 16.34079962, 48.19271262 ], [ 16.34079907, 48.19271338 ], [ 16.34081104, 48.19271804 ], [ 16.34081205, 48.19271687 ], [ 16.34082222, 48.19272104 ], [ 16.34087862, 48.19274276 ], [ 16.34092983, 48.19276273 ], [ 16.34119306, 48.19286387 ], [ 16.34112545, 48.19294376 ] ] ] } },
{ "type": "Feature", "properties": { "id": "FUSSGEHERZONEOGD.1692251", "OBJECTID": 1692251, "ADRESSE": "16., Lorenz-Mandl-Gasse", "ZEITRAUM": null, "AUSN_TEXT": "ausgen. Fahrräder", "WEBLINK1": "http://www.wien.gv.at/verkehr/verkehrssicherheit/massnahmen/index.html", "SE_ANNO_CAD_DATA": null }, "geometry": { "type": "Polygon", "coordinates": [ [ [ 16.30762067, 48.21323759 ], [ 16.30753963, 48.21300153 ], [ 16.30773973, 48.21296779 ], [ 16.30780157, 48.21315864 ], [ 16.30781792, 48.21320861 ], [ 16.30762067, 48.21323759 ] ] ] } },
{ "type": "Feature", "properties": { "id": "FUSSGEHERZONEOGD.1692252", "OBJECTID": 1692252, "ADRESSE": "9., Lichtentaler Gasse", "ZEITRAUM": null, "AUSN_TEXT": "ausgen. Fahrräder", "WEBLINK1": "http://www.wien.gv.at/verkehr/verkehrssicherheit/massnahmen/index.html", "SE_ANNO_CAD_DATA": null }, "geometry": { "type": "Polygon", "coordinates": [ [ [ 16.35775502, 48.22723981 ], [ 16.35771183, 48.22723064 ], [ 16.35773033, 48.22718686 ], [ 16.35779568, 48.22714316 ], [ 16.35801304, 48.22718353 ], [ 16.35817512, 48.22721415 ], [ 16.35818223, 48.22719729 ], [ 16.35832124, 48.22722277 ], [ 16.35831512, 48.22723933 ], [ 16.35837969, 48.2272517 ], [ 16.35841044, 48.22725786 ], [ 16.35832702, 48.22735314 ], [ 16.35825376, 48.22733943 ], [ 16.35818918, 48.22732654 ], [ 16.35818878, 48.22732762 ], [ 16.3580304, 48.22729827 ], [ 16.35800966, 48.22729443 ], [ 16.35785038, 48.22726491 ], [ 16.35785038, 48.22726419 ], [ 16.35783423, 48.22726105 ], [ 16.35783423, 48.22726042 ], [ 16.35783198, 48.22726053 ], [ 16.35782977, 48.22726022 ], [ 16.35782776, 48.22725952 ], [ 16.3578263, 48.22725863 ], [ 16.35782626, 48.22725859 ], [ 16.35782521, 48.22725753 ], [ 16.35782453, 48.22725629 ], [ 16.35782373, 48.22725629 ], [ 16.35782305, 48.22725431 ], [ 16.35782219, 48.22725325 ], [ 16.35782103, 48.22725233 ], [ 16.35782103, 48.22725179 ], [ 16.35780609, 48.22724882 ], [ 16.35780609, 48.22724945 ], [ 16.35777029, 48.22724308 ], [ 16.35775502, 48.22723981 ] ] ] } },
{ "type": "Feature", "properties": { "id": "FUSSGEHERZONEOGD.1692253", "OBJECTID": 1692253, "ADRESSE": "1., Beethovenplatz (südlich)", "ZEITRAUM": null, "AUSN_TEXT": "ausgen. Fahrräder", "WEBLINK1": "http://www.wien.gv.at/verkehr/verkehrssicherheit/massnahmen/index.html", "SE_ANNO_CAD_DATA": null }, "geometry": { "type": "Polygon", "coordinates": [ [ [ 16.37702226, 48.20142417 ], [ 16.37709018, 48.20149047 ], [ 16.3769503, 48.20155221 ], [ 16.37698845, 48.20159174 ], [ 16.37657086, 48.20178816 ], [ 16.37653268, 48.20175339 ], [ 16.37652301, 48.20175255 ], [ 16.37644427, 48.20179001 ], [ 16.37637398, 48.20171749 ], [ 16.37641284, 48.20170008 ], [ 16.37641456, 48.20169302 ], [ 16.37650937, 48.20164955 ], [ 16.37652901, 48.20165548 ], [ 16.37657917, 48.20163253 ], [ 16.37658105, 48.20162578 ], [ 16.37675399, 48.20154613 ], [ 16.37676462, 48.20154802 ], [ 16.37681411, 48.20152534 ], [ 16.37681275, 48.20151131 ], [ 16.37690863, 48.20146739 ], [ 16.37691913, 48.20146855 ], [ 16.37692935, 48.20146405 ], [ 16.37702226, 48.20142417 ] ] ] } },
{ "type": "Feature", "properties": { "id": "FUSSGEHERZONEOGD.1692254", "OBJECTID": 1692254, "ADRESSE": "1., Rabensteig", "ZEITRAUM": null, "AUSN_TEXT": null, "WEBLINK1": "http://www.wien.gv.at/verkehr/verkehrssicherheit/massnahmen/index.html", "SE_ANNO_CAD_DATA": null }, "geometry": { "type": "Polygon", "coordinates": [ [ [ 16.37533107, 48.21149338 ], [ 16.37533291, 48.21150165 ], [ 16.3752643, 48.21153218 ], [ 16.37524741, 48.21150698 ], [ 16.3752033, 48.21146363 ], [ 16.37510202, 48.2113835 ], [ 16.37514007, 48.21137898 ], [ 16.375121, 48.21133504 ], [ 16.37506918, 48.21120269 ], [ 16.37502598, 48.21119376 ], [ 16.37520137, 48.21112575 ], [ 16.37528239, 48.21130669 ], [ 16.37533107, 48.21149338 ] ] ] } },
{ "type": "Feature", "properties": { "id": "FUSSGEHERZONEOGD.1692255", "OBJECTID": 1692255, "ADRESSE": "1., Stephansplatz", "ZEITRAUM": "Mo .- Sa. (werkt.) v. 6-10:30h", "AUSN_TEXT": "ausgen. Mo. - Sa. (werkt.) v. 6 -10:30h Zufahrt zur Ladetätigkeit mit Fahrzeugen bis 18t höchstzul. Gesamtgewicht und Taxi zum Aus- und Einsteigen", "WEBLINK1": "http://www.wien.gv.at/verkehr/verkehrssicherheit/massnahmen/index.html", "SE_ANNO_CAD_DATA": null }, "geometry": { "type": "MultiPolygon", "coordinates": [ [ [ [ 16.3728922, 48.20902058 ], [ 16.37289007, 48.20902159 ], [ 16.37285221, 48.20909617 ], [ 16.37262152, 48.20921244 ], [ 16.3723268, 48.20893195 ], [ 16.37228508, 48.20889099 ], [ 16.37258932, 48.20874214 ], [ 16.37263467, 48.20878499 ], [ 16.37264341, 48.20878103 ], [ 16.37265459, 48.20879128 ], [ 16.37265937, 48.20878944 ], [ 16.37267855, 48.20880737 ], [ 16.37267452, 48.20880971 ], [ 16.37268165, 48.20881618 ], [ 16.37268582, 48.20881411 ], [ 16.37275568, 48.20887647 ], [ 16.3727594, 48.2088801 ], [ 16.3727591, 48.2088805 ], [ 16.37275839, 48.20888145 ], [ 16.37275803, 48.20888252 ], [ 16.37275801, 48.20888309 ], [ 16.37275799, 48.20888361 ], [ 16.37275637, 48.20888442 ], [ 16.37275745, 48.20888568 ], [ 16.37275678, 48.20888724 ], [ 16.37275697, 48.20888887 ], [ 16.37275799, 48.20889035 ], [ 16.3727593, 48.20889129 ], [ 16.37276095, 48.20889194 ], [ 16.37276281, 48.20889227 ], [ 16.37276472, 48.20889224 ], [ 16.37276566, 48.20889314 ], [ 16.37276685, 48.20889266 ], [ 16.3727732, 48.20889269 ], [ 16.37278464, 48.20890294 ], [ 16.37278787, 48.20890134 ], [ 16.3728922, 48.20902058 ] ] ], [ [ [ 16.37299275, 48.20816284 ], [ 16.37298993, 48.20816296 ], [ 16.37298997, 48.20816264 ], [ 16.37298062, 48.20816153 ], [ 16.37298069, 48.20816149 ], [ 16.37299275, 48.20816284 ] ] ] ] } },
{ "type": "Feature", "properties": { "id": "FUSSGEHERZONEOGD.1692256", "OBJECTID": 1692256, "ADRESSE": "12., Meidlinger Hauptstraße", "ZEITRAUM": "(werkt.) von 6-10.30h", "AUSN_TEXT": "ausgen. Zufahrt zur Ladetätigkeit, Taxi zum Aus- u. Einsteigen u. Kraftfahrzeuge des Bundesgremiums der Handelsvertreter, Kommissionäre u. Vermittler", "WEBLINK1": "http://www.wien.gv.at/verkehr/verkehrssicherheit/massnahmen/index.html", "SE_ANNO_CAD_DATA": null }, "geometry": { "type": "Polygon", "coordinates": [ [ [ 16.32997332, 48.17658585 ], [ 16.33003377, 48.17607643 ], [ 16.3300873, 48.17545919 ], [ 16.33013481, 48.17482992 ], [ 16.3301364, 48.17478339 ], [ 16.33011551, 48.17478262 ], [ 16.33014074, 48.17446036 ], [ 16.33044192, 48.1745292 ], [ 16.33039452, 48.17456194 ], [ 16.33036056, 48.17459351 ], [ 16.33032514, 48.17464588 ], [ 16.33030487, 48.17471195 ], [ 16.33029219, 48.17483631 ], [ 16.33020057, 48.17577727 ], [ 16.33012142, 48.17645569 ], [ 16.3301247, 48.17646968 ], [ 16.3301262, 48.17648232 ], [ 16.33012929, 48.1764952 ], [ 16.33013737, 48.1765156 ], [ 16.33014776, 48.17653196 ], [ 16.33016216, 48.17654841 ], [ 16.33018037, 48.17656389 ], [ 16.33017843, 48.1765884 ], [ 16.32997332, 48.17658585 ] ] ] } },
{ "type": "Feature", "properties": { "id": "FUSSGEHERZONEOGD.1692260", "OBJECTID": 1692260, "ADRESSE": "1., Maria-Theresien-Platz", "ZEITRAUM": null, "AUSN_TEXT": "ausgen. Fahrzeuge mit Wagenkarte der Burghauptmannschaft Österreich", "WEBLINK1": "http://www.wien.gv.at/verkehr/verkehrssicherheit/massnahmen/index.html", "SE_ANNO_CAD_DATA": null }, "geometry": { "type": "Polygon", "coordinates": [ [ [ 16.36098189, 48.20558429 ], [ 16.35914797, 48.20448638 ], [ 16.36052838, 48.20344577 ], [ 16.36238004, 48.20453765 ], [ 16.36239464, 48.20454626 ], [ 16.36239743, 48.20454803 ], [ 16.36239886, 48.20454894 ], [ 16.36234462, 48.20458976 ], [ 16.3623461, 48.20459102 ], [ 16.36233995, 48.20459564 ], [ 16.36231425, 48.20461498 ], [ 16.36230127, 48.20462475 ], [ 16.36226477, 48.20465223 ], [ 16.36219872, 48.20470194 ], [ 16.36217701, 48.20471828 ], [ 16.3621767, 48.20471851 ], [ 16.36217665, 48.20471855 ], [ 16.362171, 48.20472281 ], [ 16.36216898, 48.20472164 ], [ 16.36204055, 48.20481836 ], [ 16.36199258, 48.20485449 ], [ 16.3619466, 48.20488912 ], [ 16.36191359, 48.20491398 ], [ 16.36191534, 48.20491514 ], [ 16.36190956, 48.20491973 ], [ 16.36190721, 48.20491832 ], [ 16.36190274, 48.20492168 ], [ 16.36189062, 48.2049308 ], [ 16.36178439, 48.20501072 ], [ 16.36171727, 48.20506121 ], [ 16.36170748, 48.20506858 ], [ 16.3616847, 48.20508572 ], [ 16.36159984, 48.20514956 ], [ 16.36158335, 48.20516197 ], [ 16.36151234, 48.20521539 ], [ 16.36151431, 48.2052166 ], [ 16.36150839, 48.20522145 ], [ 16.36150637, 48.20522038 ], [ 16.36145331, 48.20526034 ], [ 16.36142451, 48.20528203 ], [ 16.36140678, 48.20529538 ], [ 16.361284, 48.20538786 ], [ 16.36127122, 48.20539748 ], [ 16.36126322, 48.20540351 ], [ 16.36125125, 48.20541253 ], [ 16.36125259, 48.20541343 ], [ 16.36124662, 48.20541793 ], [ 16.3612465, 48.20541803 ], [ 16.36124647, 48.20541805 ], [ 16.36122492, 48.20543423 ], [ 16.3611625, 48.20548113 ], [ 16.36115264, 48.20548854 ], [ 16.36114356, 48.20549536 ], [ 16.3610831, 48.20554078 ], [ 16.36107709, 48.2055453 ], [ 16.3610752, 48.20554432 ], [ 16.36100463, 48.20559726 ], [ 16.36099519, 48.20559225 ], [ 16.36098189, 48.20558429 ] ] ] } },
{ "type": "Feature", "properties": { "id": "FUSSGEHERZONEOGD.1692261", "OBJECTID": 1692261, "ADRESSE": "2., Heinestraße", "ZEITRAUM": "Mo.-Sa. (werkt.) v. 7-10:30", "AUSN_TEXT": "ausgen. Zufahrt zur Ladetätigkeit", "WEBLINK1": "http://www.wien.gv.at/verkehr/verkehrssicherheit/massnahmen/index.html", "SE_ANNO_CAD_DATA": null }, "geometry": { "type": "Polygon", "coordinates": [ [ [ 16.38956964, 48.21831225 ], [ 16.39016725, 48.21800336 ], [ 16.39019726, 48.21799857 ], [ 16.39020122, 48.21806831 ], [ 16.3901957, 48.2181195 ], [ 16.39020169, 48.21817246 ], [ 16.3902155, 48.21823 ], [ 16.39022578, 48.2182603 ], [ 16.39022848, 48.21828325 ], [ 16.39021913, 48.21829934 ], [ 16.39019989, 48.21831304 ], [ 16.3901196, 48.21835072 ], [ 16.39010306, 48.21819151 ], [ 16.38997434, 48.21825182 ], [ 16.38991908, 48.21820389 ], [ 16.38983267, 48.21824573 ], [ 16.38978853, 48.2182728 ], [ 16.38977936, 48.21829002 ], [ 16.3897757, 48.21832445 ], [ 16.38977573, 48.21834535 ], [ 16.38977575, 48.2183724 ], [ 16.38976108, 48.21840561 ], [ 16.3897427, 48.21841668 ], [ 16.38972797, 48.21841055 ], [ 16.38970772, 48.21840564 ], [ 16.38967827, 48.2183995 ], [ 16.38965068, 48.21839706 ], [ 16.38956964, 48.21831225 ] ] ] } },
{ "type": "Feature", "properties": { "id": "FUSSGEHERZONEOGD.1692262", "OBJECTID": 1692262, "ADRESSE": "7., Mariahilfer Straße", "ZEITRAUM": "Mo. - Sa. (werkt.) v. 6 - 13.00h", "AUSN_TEXT": "ausgen. die Zufahrt zur Ladetätigkeit, Taxi und Behindertentransporte zum Aus- u. Einsteigen sowie ausgen. Fahrräder", "WEBLINK1": "http://www.wien.gv.at/verkehr/verkehrssicherheit/massnahmen/index.html", "SE_ANNO_CAD_DATA": null }, "geometry": { "type": "Polygon", "coordinates": [ [ [ 16.35157093, 48.19890892 ], [ 16.35283489, 48.19936947 ], [ 16.35274672, 48.19948912 ], [ 16.35232266, 48.19932881 ], [ 16.35186297, 48.19915729 ], [ 16.35147576, 48.19901253 ], [ 16.35157093, 48.19890892 ] ] ] } },
{ "type": "Feature", "properties": { "id": "FUSSGEHERZONEOGD.1692263", "OBJECTID": 1692263, "ADRESSE": "6., Mariahilfer Straße", "ZEITRAUM": "Mo. - Sa. (werkt.) v. 6 - 13.00h", "AUSN_TEXT": "ausgen. die Zufahrt zur Ladetätigkeit, Taxi und Behindertentransporte zum Aus- u. Einsteigen sowie ausgen. Fahrräder", "WEBLINK1": "http://www.wien.gv.at/verkehr/verkehrssicherheit/massnahmen/index.html", "SE_ANNO_CAD_DATA": null }, "geometry": { "type": "Polygon", "coordinates": [ [ [ 16.35119977, 48.19862536 ], [ 16.35111238, 48.1987229 ], [ 16.3504052, 48.19842681 ], [ 16.35037072, 48.19841237 ], [ 16.3504522, 48.19831664 ], [ 16.35083711, 48.1984792 ], [ 16.35110012, 48.19858637 ], [ 16.35119977, 48.19862536 ] ] ] } },
{ "type": "Feature", "properties": { "id": "FUSSGEHERZONEOGD.1692264", "OBJECTID": 1692264, "ADRESSE": "6., Mariahilfer Straße", "ZEITRAUM": "Mo. - Sa. (werkt.) v. 6 - 13.00h", "AUSN_TEXT": "ausgen. die Zufahrt zur Ladetätigkeit, Taxi und Behindertentransporte zum Aus- u. Einsteigen sowie ausgen. Fahrräder", "WEBLINK1": "http://www.wien.gv.at/verkehr/verkehrssicherheit/massnahmen/index.html", "SE_ANNO_CAD_DATA": null }, "geometry": { "type": "Polygon", "coordinates": [ [ [ 16.34868357, 48.19766885 ], [ 16.34875916, 48.19769438 ], [ 16.34891882, 48.19775116 ], [ 16.34932058, 48.19788737 ], [ 16.34978811, 48.19805379 ], [ 16.34981116, 48.19803861 ], [ 16.34985044, 48.19803425 ], [ 16.34987154, 48.19803644 ], [ 16.34991762, 48.19805322 ], [ 16.35009161, 48.19806787 ], [ 16.34990788, 48.19822949 ], [ 16.34990065, 48.19822684 ], [ 16.34861464, 48.19777804 ], [ 16.34868357, 48.19766885 ] ] ] } },
{ "type": "Feature", "properties": { "id": "FUSSGEHERZONEOGD.1692265", "OBJECTID": 1692265, "ADRESSE": "7., Mariahilfer Straße", "ZEITRAUM": "Mo. - Sa. (werkt.) v. 6 - 13.00h", "AUSN_TEXT": "ausgen. die Zufahrt zur Ladetätigkeit, Taxi und Behindertentransporte zum Aus- u. Einsteigen sowie ausgen. Fahrräder", "WEBLINK1": "http://www.wien.gv.at/verkehr/verkehrssicherheit/massnahmen/index.html", "SE_ANNO_CAD_DATA": null }, "geometry": { "type": "Polygon", "coordinates": [ [ [ 16.34861296, 48.19777746 ], [ 16.34985938, 48.19821244 ], [ 16.34990796, 48.19822939 ], [ 16.34981727, 48.1983385 ], [ 16.34958706, 48.19825549 ], [ 16.34937462, 48.1981774 ], [ 16.3491617, 48.19810171 ], [ 16.3489385, 48.19801725 ], [ 16.34861183, 48.19789863 ], [ 16.34853742, 48.19787842 ], [ 16.34861296, 48.19777746 ] ] ] } },
{ "type": "Feature", "properties": { "id": "FUSSGEHERZONEOGD.1692266", "OBJECTID": 1692266, "ADRESSE": "20., Wehlistraße", "ZEITRAUM": null, "AUSN_TEXT": null, "WEBLINK1": "http://www.wien.gv.at/verkehr/verkehrssicherheit/massnahmen/index.html", "SE_ANNO_CAD_DATA": null }, "geometry": { "type": "Polygon", "coordinates": [ [ [ 16.38513974, 48.24141489 ], [ 16.3849342, 48.2413227 ], [ 16.38614098, 48.24017696 ], [ 16.38621185, 48.24020769 ], [ 16.38626501, 48.24022423 ], [ 16.38632521, 48.24021711 ], [ 16.38637125, 48.24020289 ], [ 16.38641732, 48.24022889 ], [ 16.38530607, 48.24126102 ], [ 16.3854053, 48.24130593 ], [ 16.38522833, 48.24145271 ], [ 16.38514328, 48.24141489 ], [ 16.38513974, 48.24141489 ] ] ] } },
{ "type": "Feature", "properties": { "id": "FUSSGEHERZONEOGD.1692267", "OBJECTID": 1692267, "ADRESSE": "5., Rechte Wienzeile", "ZEITRAUM": null, "AUSN_TEXT": "ausgen. Zufahrt zu den genehmigten Stellplätzen und Fahrräder", "WEBLINK1": "http://www.wien.gv.at/verkehr/verkehrssicherheit/massnahmen/index.html", "SE_ANNO_CAD_DATA": null }, "geometry": { "type": "Polygon", "coordinates": [ [ [ 16.34676358, 48.18878151 ], [ 16.34676701, 48.18878198 ], [ 16.34731306, 48.18889341 ], [ 16.34756676, 48.1889257 ], [ 16.34840278, 48.18906455 ], [ 16.3484052, 48.1891211 ], [ 16.34673649, 48.18885293 ], [ 16.34676358, 48.18878151 ] ] ] } },
{ "type": "Feature", "properties": { "id": "FUSSGEHERZONEOGD.1692257", "OBJECTID": 1692257, "ADRESSE": "12., Meidlinger Hauptstraße", "ZEITRAUM": "(werkt.) von 6-10.30h", "AUSN_TEXT": "ausgen. Zufahrt zur Ladetätigkeit, Taxi zum Aus- u. Einsteigen u. Kraftfahrzeuge des Bundesgremiums der Handelsvertreter, Kommissionäre u. Vermittler", "WEBLINK1": "http://www.wien.gv.at/verkehr/verkehrssicherheit/massnahmen/index.html", "SE_ANNO_CAD_DATA": null }, "geometry": { "type": "Polygon", "coordinates": [ [ [ 16.32999863, 48.17871899 ], [ 16.32999848, 48.17872203 ], [ 16.33015033, 48.17872759 ], [ 16.33013799, 48.17883131 ], [ 16.33013484, 48.17883123 ], [ 16.330106, 48.17908688 ], [ 16.33008869, 48.17929755 ], [ 16.3299463, 48.17929379 ], [ 16.32976278, 48.17925374 ], [ 16.32977176, 48.1791746 ], [ 16.32979099, 48.17905127 ], [ 16.32979099, 48.17905089 ], [ 16.32979484, 48.17898023 ], [ 16.329816, 48.17879139 ], [ 16.32982053, 48.17871274 ], [ 16.32999863, 48.17871899 ] ] ] } },
{ "type": "Feature", "properties": { "id": "FUSSGEHERZONEOGD.1692258", "OBJECTID": 1692258, "ADRESSE": "12., Meidlinger Hauptstraße", "ZEITRAUM": "(werkt.) von 6-10.30h", "AUSN_TEXT": "ausgen. Zufahrt zur Ladetätigkeit, Taxi zum Aus- u. Einsteigen u. Kraftfahrzeuge des Bundesgremiums der Handelsvertreter, Kommissionäre u. Vermittler", "WEBLINK1": "http://www.wien.gv.at/verkehr/verkehrssicherheit/massnahmen/index.html", "SE_ANNO_CAD_DATA": null }, "geometry": { "type": "Polygon", "coordinates": [ [ [ 16.32983752, 48.18075913 ], [ 16.32958293, 48.18077295 ], [ 16.32958501, 48.18073479 ], [ 16.32958857, 48.18073446 ], [ 16.32964115, 48.18026526 ], [ 16.32959989, 48.18023013 ], [ 16.32988127, 48.18021259 ], [ 16.32988876, 48.18032801 ], [ 16.32983624, 48.18032549 ], [ 16.32980619, 48.18058894 ], [ 16.32985871, 48.18059396 ], [ 16.32983752, 48.18075913 ] ] ] } },
{ "type": "Feature", "properties": { "id": "FUSSGEHERZONEOGD.1692259", "OBJECTID": 1692259, "ADRESSE": "5., Nevillebrücke", "ZEITRAUM": null, "AUSN_TEXT": "ausgen. Fahrräder", "WEBLINK1": "http://www.wien.gv.at/verkehr/verkehrssicherheit/massnahmen/index.html", "SE_ANNO_CAD_DATA": null }, "geometry": { "type": "Polygon", "coordinates": [ [ [ 16.34883804, 48.18929411 ], [ 16.34837638, 48.18921317 ], [ 16.34840278, 48.18912552 ], [ 16.34887304, 48.18920744 ], [ 16.34883804, 48.18929411 ] ] ] } },
{ "type": "Feature", "properties": { "id": "FUSSGEHERZONEOGD.1692268", "OBJECTID": 1692268, "ADRESSE": "9., Boltzmanngasse", "ZEITRAUM": null, "AUSN_TEXT": "ausgen. Fahrräder sowie Zufahrtsberechtigte der US-Botschaft", "WEBLINK1": "http://www.wien.gv.at/verkehr/verkehrssicherheit/massnahmen/index.html", "SE_ANNO_CAD_DATA": null }, "geometry": { "type": "Polygon", "coordinates": [ [ [ 16.35645474, 48.2225396 ], [ 16.35645725, 48.2225396 ], [ 16.35653002, 48.22320787 ], [ 16.35650252, 48.22321121 ], [ 16.35649506, 48.2233031 ], [ 16.35647755, 48.22330812 ], [ 16.35647505, 48.22331146 ], [ 16.35626254, 48.22331818 ], [ 16.35624235, 48.22286375 ], [ 16.35627487, 48.22286041 ], [ 16.35624724, 48.22255634 ], [ 16.35645474, 48.2225396 ] ] ] } },
{ "type": "Feature", "properties": { "id": "FUSSGEHERZONEOGD.1692269", "OBJECTID": 1692269, "ADRESSE": "1., Franz-Josefs-Kai", "ZEITRAUM": "(werkt.) von 6-10.30h", "AUSN_TEXT": "ausgen. Zufahrt zur Ladetätigkeit", "WEBLINK1": "http://www.wien.gv.at/verkehr/verkehrssicherheit/massnahmen/index.html", "SE_ANNO_CAD_DATA": null }, "geometry": { "type": "Polygon", "coordinates": [ [ [ 16.37185365, 48.21573126 ], [ 16.37230365, 48.21529656 ], [ 16.37252346, 48.21540001 ], [ 16.37205726, 48.21583111 ], [ 16.37185184, 48.21573126 ], [ 16.37185365, 48.21573126 ] ] ] } },
{ "type": "Feature", "properties": { "id": "FUSSGEHERZONEOGD.1692270", "OBJECTID": 1692270, "ADRESSE": "1., Mahlerstraße", "ZEITRAUM": "(werkt.) von 6-10.30h", "AUSN_TEXT": "ausgen. Zufahrt zur Ladetätigkeit", "WEBLINK1": "http://www.wien.gv.at/verkehr/verkehrssicherheit/massnahmen/index.html", "SE_ANNO_CAD_DATA": null }, "geometry": { "type": "Polygon", "coordinates": [ [ [ 16.37023172, 48.2030806 ], [ 16.37015288, 48.20293464 ], [ 16.37017175, 48.20294781 ], [ 16.37019955, 48.2029524 ], [ 16.37020657, 48.20295091 ], [ 16.37021869, 48.20297526 ], [ 16.37062604, 48.20288418 ], [ 16.37060968, 48.20285575 ], [ 16.37094622, 48.20278254 ], [ 16.37101119, 48.20290702 ], [ 16.37023172, 48.2030806 ] ] ] } },
{ "type": "Feature", "properties": { "id": "FUSSGEHERZONEOGD.1692271", "OBJECTID": 1692271, "ADRESSE": "1., Theodor-Herzl-Platz", "ZEITRAUM": null, "AUSN_TEXT": "ausgen. Zufahrt für u. auf die Dauer einer Ladetätigkeit, sowie Taxi zum Aus - und Einsteigen von Fahrgästen", "WEBLINK1": "http://www.wien.gv.at/verkehr/verkehrssicherheit/massnahmen/index.html", "SE_ANNO_CAD_DATA": null }, "geometry": { "type": "Polygon", "coordinates": [ [ [ 16.37805093, 48.20525004 ], [ 16.37805093, 48.20525111 ], [ 16.37723162, 48.20565877 ], [ 16.37714727, 48.20560867 ], [ 16.37796615, 48.20519769 ], [ 16.37805093, 48.20525004 ] ] ] } },
{ "type": "Feature", "properties": { "id": "FUSSGEHERZONEOGD.1692272", "OBJECTID": 1692272, "ADRESSE": "1., Franziskanerplatz", "ZEITRAUM": "(werkt.) von 6-10.30h", "AUSN_TEXT": "Zufahrt zur Ladetätigkeit und Taxi gestattet", "WEBLINK1": "http://www.wien.gv.at/verkehr/verkehrssicherheit/massnahmen/index.html", "SE_ANNO_CAD_DATA": null }, "geometry": { "type": "Polygon", "coordinates": [ [ [ 16.37425665, 48.2062821 ], [ 16.37430646, 48.20632966 ], [ 16.37428239, 48.20634181 ], [ 16.37430055, 48.20636438 ], [ 16.37432467, 48.20638217 ], [ 16.37434901, 48.20636984 ], [ 16.37439303, 48.2064121 ], [ 16.37475809, 48.20674019 ], [ 16.37464922, 48.20680138 ], [ 16.37437949, 48.20654547 ], [ 16.37419273, 48.2066334 ], [ 16.37403456, 48.20651582 ], [ 16.37425665, 48.2062821 ] ] ] } },
{ "type": "Feature", "properties": { "id": "FUSSGEHERZONEOGD.1692273", "OBJECTID": 1692273, "ADRESSE": "1., Domgasse", "ZEITRAUM": null, "AUSN_TEXT": null, "WEBLINK1": "http://www.wien.gv.at/verkehr/verkehrssicherheit/massnahmen/index.html", "SE_ANNO_CAD_DATA": null }, "geometry": { "type": "Polygon", "coordinates": [ [ [ 16.37475556, 48.20813599 ], [ 16.37480036, 48.20811915 ], [ 16.37489049, 48.20808069 ], [ 16.37495608, 48.20804379 ], [ 16.37509018, 48.20796014 ], [ 16.37530015, 48.20790171 ], [ 16.37539314, 48.20785939 ], [ 16.3756205, 48.20775072 ], [ 16.37563042, 48.20784751 ], [ 16.37524051, 48.20800049 ], [ 16.37521358, 48.20797571 ], [ 16.37496904, 48.20809971 ], [ 16.37479637, 48.20817409 ], [ 16.37475556, 48.20813599 ] ] ] } },
{ "type": "Feature", "properties": { "id": "FUSSGEHERZONEOGD.1692274", "OBJECTID": 1692274, "ADRESSE": "1., Grashofgasse", "ZEITRAUM": "(werkt.) von 6-10.30h", "AUSN_TEXT": "Zufahrt zur Ladetätigkeit sowie Taxi zum Aus und Einsteigen ganztägig gestattet", "WEBLINK1": "http://www.wien.gv.at/verkehr/verkehrssicherheit/massnahmen/index.html", "SE_ANNO_CAD_DATA": null }, "geometry": { "type": "Polygon", "coordinates": [ [ [ 16.3758206, 48.21037375 ], [ 16.37604711, 48.21027763 ], [ 16.37601669, 48.21024625 ], [ 16.37621557, 48.21014737 ], [ 16.37630268, 48.21022952 ], [ 16.37591596, 48.21041897 ], [ 16.3758206, 48.21037375 ] ] ] } },
{ "type": "Feature", "properties": { "id": "FUSSGEHERZONEOGD.1692275", "OBJECTID": 1692275, "ADRESSE": "1., Tuchlauben", "ZEITRAUM": "Mo .- Sa. (werkt.) v. 6-10:30h", "AUSN_TEXT": "ausgen. Mo. - Sa. (werkt.) v. 6 -10:30h Zufahrt zur Ladetätigkeit mit Fahrzeugen bis 18t höchstzul. Gesamtgewicht und Taxi zum Aus- und Einsteigen sowie ausgen. Fahrräder", "WEBLINK1": "http://www.wien.gv.at/verkehr/verkehrssicherheit/massnahmen/index.html", "SE_ANNO_CAD_DATA": null }, "geometry": { "type": "Polygon", "coordinates": [ [ [ 16.36975664, 48.20998255 ], [ 16.36983516, 48.21001667 ], [ 16.3698622, 48.21001226 ], [ 16.36983349, 48.21018776 ], [ 16.36983415, 48.21018216 ], [ 16.36983297, 48.21017799 ], [ 16.36982798, 48.21017176 ], [ 16.36982169, 48.21016796 ], [ 16.36973794, 48.21013179 ], [ 16.36972945, 48.2101284 ], [ 16.36972096, 48.21012696 ], [ 16.36971658, 48.21012682 ], [ 16.36971006, 48.21012733 ], [ 16.36970474, 48.21012843 ], [ 16.36965634, 48.21010361 ], [ 16.36975664, 48.20998255 ] ] ] } },
{ "type": "Feature", "properties": { "id": "FUSSGEHERZONEOGD.1692276", "OBJECTID": 1692276, "ADRESSE": "1., Georg-Coch-Platz", "ZEITRAUM": "(werkt.) von 6-10.30h", "AUSN_TEXT": "ausgen. Zufahrt zur Ladetätigkeit", "WEBLINK1": "http://www.wien.gv.at/verkehr/verkehrssicherheit/massnahmen/index.html", "SE_ANNO_CAD_DATA": null }, "geometry": { "type": "Polygon", "coordinates": [ [ [ 16.38141086, 48.20991842 ], [ 16.3814006, 48.20984173 ], [ 16.38141149, 48.20984136 ], [ 16.38141217, 48.20984703 ], [ 16.38157766, 48.20984318 ], [ 16.38157739, 48.20983779 ], [ 16.38188617, 48.20983164 ], [ 16.38188631, 48.20983794 ], [ 16.38205476, 48.20983463 ], [ 16.38205368, 48.20982942 ], [ 16.38206404, 48.20982914 ], [ 16.38206372, 48.20987296 ], [ 16.38204347, 48.20987348 ], [ 16.38200656, 48.20988174 ], [ 16.38197727, 48.20988829 ], [ 16.38195894, 48.20989665 ], [ 16.38194399, 48.20990631 ], [ 16.38141289, 48.20991841 ], [ 16.38141086, 48.20991842 ] ] ] } },
{ "type": "Feature", "properties": { "id": "FUSSGEHERZONEOGD.1692277", "OBJECTID": 1692277, "ADRESSE": "18., Kutschkergasse", "ZEITRAUM": null, "AUSN_TEXT": null, "WEBLINK1": "http://www.wien.gv.at/verkehr/verkehrssicherheit/massnahmen/index.html", "SE_ANNO_CAD_DATA": null }, "geometry": { "type": "Polygon", "coordinates": [ [ [ 16.34461522, 48.22680454 ], [ 16.34464474, 48.22678667 ], [ 16.34470024, 48.22633987 ], [ 16.34465542, 48.22631472 ], [ 16.34487052, 48.22624762 ], [ 16.34480428, 48.22677587 ], [ 16.34483967, 48.22679555 ], [ 16.34461522, 48.22680454 ] ] ] } },
{ "type": "Feature", "properties": { "id": "FUSSGEHERZONEOGD.1692278", "OBJECTID": 1692278, "ADRESSE": "1., Kohlmarkt", "ZEITRAUM": "Mo .- Sa. (werkt.) v. 6-10:30h", "AUSN_TEXT": "ausgen. Mo. - Sa. (werkt.) v. 6 -10:30h Zufahrt zur Ladetätigkeit mit Fahrzeugen bis 18t höchstzul. Gesamtgewicht und Taxi zum Aus- und Einsteigen", "WEBLINK1": "http://www.wien.gv.at/verkehr/verkehrssicherheit/massnahmen/index.html", "SE_ANNO_CAD_DATA": null }, "geometry": { "type": "Polygon", "coordinates": [ [ [ 16.36791815, 48.20891521 ], [ 16.36793165, 48.20892461 ], [ 16.36794313, 48.20891864 ], [ 16.3682531, 48.20914434 ], [ 16.36846771, 48.20930317 ], [ 16.36832546, 48.20939336 ], [ 16.36826659, 48.20934837 ], [ 16.36824843, 48.20935926 ], [ 16.36817263, 48.20929776 ], [ 16.36819278, 48.20928597 ], [ 16.36804428, 48.2091745 ], [ 16.36803228, 48.20918136 ], [ 16.36783742, 48.20903749 ], [ 16.36778695, 48.20899795 ], [ 16.36791815, 48.20891521 ] ] ] } },
{ "type": "Feature", "properties": { "id": "FUSSGEHERZONEOGD.1692279", "OBJECTID": 1692279, "ADRESSE": "7., St.-Ulrichs-Platz", "ZEITRAUM": "Mo.-Sr.(werkt.) von 6-10.30h", "AUSN_TEXT": "Zufahrt zur Ladetätigkeit", "WEBLINK1": "http://www.wien.gv.at/verkehr/verkehrssicherheit/massnahmen/index.html", "SE_ANNO_CAD_DATA": null }, "geometry": { "type": "MultiPolygon", "coordinates": [ [ [ [ 16.35288266, 48.20428029 ], [ 16.35285219, 48.20429659 ], [ 16.35285221, 48.20435158 ], [ 16.35277909, 48.20435566 ], [ 16.35278829, 48.20450434 ], [ 16.3528279, 48.20450229 ], [ 16.35285536, 48.20465096 ], [ 16.35287669, 48.20465299 ], [ 16.35289197, 48.2048037 ], [ 16.35287064, 48.2048037 ], [ 16.35288289, 48.20499106 ], [ 16.35285242, 48.20497477 ], [ 16.35280063, 48.20497071 ], [ 16.35274274, 48.20497276 ], [ 16.35255693, 48.20508072 ], [ 16.35267884, 48.20522326 ], [ 16.3527672, 48.20525787 ], [ 16.35282815, 48.20527619 ], [ 16.35243816, 48.2052457 ], [ 16.35246557, 48.20523144 ], [ 16.35246248, 48.20507258 ], [ 16.35231013, 48.20502373 ], [ 16.35229485, 48.20491376 ], [ 16.35163374, 48.20494033 ], [ 16.35163371, 48.20483035 ], [ 16.35182869, 48.20482828 ], [ 16.35184697, 48.20484254 ], [ 16.35187745, 48.20485475 ], [ 16.35232835, 48.20485061 ], [ 16.35233444, 48.20484043 ], [ 16.35228251, 48.20438018 ], [ 16.35225508, 48.20438018 ], [ 16.35223678, 48.20430279 ], [ 16.35288266, 48.20428029 ] ], [ [ 16.35254319, 48.20432403 ], [ 16.35252063, 48.20432403 ], [ 16.35251923, 48.20432403 ], [ 16.35249948, 48.20432969 ], [ 16.35248258, 48.20434855 ], [ 16.35248117, 48.20436268 ], [ 16.35246848, 48.20436269 ], [ 16.35246285, 48.20437117 ], [ 16.35239518, 48.20437306 ], [ 16.35238813, 48.2043806 ], [ 16.35240793, 48.20456155 ], [ 16.35243621, 48.2048226 ], [ 16.35241223, 48.20482637 ], [ 16.35241648, 48.20489706 ], [ 16.35252648, 48.20496019 ], [ 16.35256596, 48.20496113 ], [ 16.35256455, 48.20496773 ], [ 16.35262799, 48.20496488 ], [ 16.3526294, 48.20495735 ], [ 16.35266605, 48.20494886 ], [ 16.3527478, 48.20487911 ], [ 16.35275625, 48.20486591 ], [ 16.35274919, 48.20480842 ], [ 16.35273086, 48.20480654 ], [ 16.3527266, 48.20470569 ], [ 16.35270122, 48.2047057 ], [ 16.35269413, 48.20459543 ], [ 16.35271387, 48.20458601 ], [ 16.3526997, 48.20436924 ], [ 16.35269406, 48.20436265 ], [ 16.35262075, 48.2043636 ], [ 16.35261511, 48.20435606 ], [ 16.35259819, 48.20435512 ], [ 16.35259254, 48.20433627 ], [ 16.35257562, 48.20432497 ], [ 16.35254319, 48.20432403 ] ] ] ] } },
{ "type": "Feature", "properties": { "id": "FUSSGEHERZONEOGD.1692280", "OBJECTID": 1692280, "ADRESSE": "6., Barnabitengasse", "ZEITRAUM": "(werkt.) von 6-10:30h", "AUSN_TEXT": "ausgen. Zufahrt zur Ladetätigkeit sowie Zufahrt zum Ladehof der Gruft Nr. 12a v. 15-19 h", "WEBLINK1": "http://www.wien.gv.at/verkehr/verkehrssicherheit/massnahmen/index.html", "SE_ANNO_CAD_DATA": null }, "geometry": { "type": "Polygon", "coordinates": [ [ [ 16.35354581, 48.19868766 ], [ 16.35355936, 48.19867412 ], [ 16.35388473, 48.19841269 ], [ 16.3538745, 48.19840585 ], [ 16.35404025, 48.19827171 ], [ 16.35405458, 48.19827992 ], [ 16.35433902, 48.19805956 ], [ 16.35431035, 48.19801714 ], [ 16.35459896, 48.19801299 ], [ 16.35446799, 48.19811291 ], [ 16.35445571, 48.19810606 ], [ 16.35433907, 48.19819777 ], [ 16.3543534, 48.19820324 ], [ 16.35366828, 48.19873579 ], [ 16.3536554, 48.1987456 ], [ 16.35354581, 48.19868766 ] ] ] } },
{ "type": "Feature", "properties": { "id": "FUSSGEHERZONEOGD.1692281", "OBJECTID": 1692281, "ADRESSE": "15., Schwendergasse 30", "ZEITRAUM": null, "AUSN_TEXT": "ausgen. Fahrräder und Garagenbenutzer", "WEBLINK1": "http://www.wien.gv.at/verkehr/verkehrssicherheit/massnahmen/index.html", "SE_ANNO_CAD_DATA": null }, "geometry": { "type": "Polygon", "coordinates": [ [ [ 16.32534607, 48.19066194 ], [ 16.3245487, 48.19046443 ], [ 16.32448264, 48.19045812 ], [ 16.32412397, 48.19032817 ], [ 16.32398092, 48.19030388 ], [ 16.32405141, 48.19019539 ], [ 16.32427772, 48.19025823 ], [ 16.32446366, 48.19030653 ], [ 16.32460515, 48.19035 ], [ 16.32469353, 48.19037516 ], [ 16.32481012, 48.19040535 ], [ 16.32524266, 48.19050851 ], [ 16.32530097, 48.19050726 ], [ 16.32534234, 48.19049595 ], [ 16.32539125, 48.19047708 ], [ 16.32543074, 48.19045319 ], [ 16.32534607, 48.19066194 ] ] ] } },
{ "type": "Feature", "properties": { "id": "FUSSGEHERZONEOGD.1692282", "OBJECTID": 1692282, "ADRESSE": "15., Maria vom Siege", "ZEITRAUM": null, "AUSN_TEXT": "ausgen. Fahrräder", "WEBLINK1": "http://www.wien.gv.at/verkehr/verkehrssicherheit/massnahmen/index.html", "SE_ANNO_CAD_DATA": null }, "geometry": { "type": "Polygon", "coordinates": [ [ [ 16.33757483, 48.19361993 ], [ 16.33695479, 48.19318794 ], [ 16.33690868, 48.19316203 ], [ 16.33693751, 48.19314243 ], [ 16.33695257, 48.19312369 ], [ 16.33695576, 48.19310021 ], [ 16.33693814, 48.19307214 ], [ 16.3369843, 48.19304175 ], [ 16.33784391, 48.19270129 ], [ 16.33793728, 48.19280083 ], [ 16.33710479, 48.1931285 ], [ 16.33769466, 48.19354224 ], [ 16.33757483, 48.19361993 ] ] ] } },
{ "type": "Feature", "properties": { "id": "FUSSGEHERZONEOGD.1692283", "OBJECTID": 1692283, "ADRESSE": "5., Unbenannte Verkehrsfläche", "ZEITRAUM": null, "AUSN_TEXT": "ausgen. Fahrräder", "WEBLINK1": "http://www.wien.gv.at/verkehr/verkehrssicherheit/massnahmen/index.html", "SE_ANNO_CAD_DATA": null }, "geometry": { "type": "Polygon", "coordinates": [ [ [ 16.35647804, 48.18096712 ], [ 16.3565029, 48.18094217 ], [ 16.35664385, 48.18097679 ], [ 16.35653406, 48.18112374 ], [ 16.35659832, 48.18114729 ], [ 16.35648439, 48.18130116 ], [ 16.35641184, 48.18127761 ], [ 16.35633312, 48.18137882 ], [ 16.35626886, 48.18135526 ], [ 16.35610303, 48.18129846 ], [ 16.35602219, 48.18127076 ], [ 16.3558605, 48.18121811 ], [ 16.35578379, 48.18116684 ], [ 16.35574854, 48.18111695 ], [ 16.355734, 48.18103655 ], [ 16.35582936, 48.18107673 ], [ 16.35606152, 48.18115293 ], [ 16.35605117, 48.1811654 ], [ 16.35621492, 48.18122082 ], [ 16.35622527, 48.18120973 ], [ 16.35630405, 48.18123466 ], [ 16.35637447, 48.18113763 ], [ 16.35642004, 48.18106139 ], [ 16.35642833, 48.18103366 ], [ 16.35643247, 48.18103366 ], [ 16.35647804, 48.18096712 ] ] ] } },
{ "type": "Feature", "properties": { "id": "FUSSGEHERZONEOGD.1692284", "OBJECTID": 1692284, "ADRESSE": "2., Ernst-Melchior-Gasse", "ZEITRAUM": null, "AUSN_TEXT": "ausgen. Fahrräder", "WEBLINK1": "http://www.wien.gv.at/verkehr/verkehrssicherheit/massnahmen/index.html", "SE_ANNO_CAD_DATA": null }, "geometry": { "type": "Polygon", "coordinates": [ [ [ 16.39520755, 48.22526664 ], [ 16.39540294, 48.22536035 ], [ 16.39468206, 48.22596535 ], [ 16.39446405, 48.22589503 ], [ 16.39520755, 48.22526664 ] ] ] } },
{ "type": "Feature", "properties": { "id": "FUSSGEHERZONEOGD.1692285", "OBJECTID": 1692285, "ADRESSE": "16., Brunnengasse", "ZEITRAUM": "Mo. - Sa. (werkt.) v.00.00 - 6.00 u. 9.30 - 24.00h; Mo. - Fr. (werkt.) v.00.00 - 18.30 u. 20.00 - 24.00h; Sa. (werkt.) v. 00.00 - 16:30 u.17:30 - 24.00h; So.- u. Feiertag 00.00 -24.00h", "AUSN_TEXT": "ausgen. Mo. - Sa. (werkt.) v. 6:00 - 9:30h; Mo. - Fr. (werkt.) v. 18:30 - 20:00h; Sa. (werkt.) v. 16:30 - 17:30h; sowie ausgen. Fahrräder  Mo. - Sa. (werkt.) v. 18:30 - 6:00h; So.- und Feiertage 00:00 - 24:00h", "WEBLINK1": "http://www.wien.gv.at/verkehr/verkehrssicherheit/massnahmen/index.html", "SE_ANNO_CAD_DATA": null }, "geometry": { "type": "Polygon", "coordinates": [ [ [ 16.3355322, 48.20911496 ], [ 16.3355322, 48.20911617 ], [ 16.33570148, 48.20965547 ], [ 16.33576452, 48.20964945 ], [ 16.33583836, 48.20988781 ], [ 16.33558082, 48.20991549 ], [ 16.33559523, 48.20989863 ], [ 16.33536651, 48.2091571 ], [ 16.3353359, 48.20914386 ], [ 16.3355322, 48.20911496 ] ] ] } },
{ "type": "Feature", "properties": { "id": "FUSSGEHERZONEOGD.1692286", "OBJECTID": 1692286, "ADRESSE": "16., Brunnengasse", "ZEITRAUM": "Mo. - Sa. (werkt.) v.00.00 - 6.00 u. 9.30 - 24.00h; Mo. - Fr. (werkt.) v.00.00 - 18.30 u. 20.00 - 24.00h; Sa. (werkt.) v. 00.00 - 16:30 u.17:30 - 24.00h; So.- u. Feiertag 00.00 -24.00h", "AUSN_TEXT": "ausgen. Mo. - Sa. (werkt.) v. 6:00 - 9:30h; Mo. - Fr. (werkt.) v. 18:30 - 20:00h; Sa. (werkt.) v. 16:30 - 17:30h; sowie ausgen. Fahrräder  Mo. - Sa. (werkt.) v. 18:30 - 6:00h; So.- und Feiertage 00:00 - 24:00h", "WEBLINK1": "http://www.wien.gv.at/verkehr/verkehrssicherheit/massnahmen/index.html", "SE_ANNO_CAD_DATA": null }, "geometry": { "type": "Polygon", "coordinates": [ [ [ 16.33580076, 48.20998196 ], [ 16.33580301, 48.20998498 ], [ 16.33604615, 48.2110067 ], [ 16.3358728, 48.21103077 ], [ 16.33563417, 48.2100241 ], [ 16.33560941, 48.21001206 ], [ 16.33580076, 48.20998196 ] ] ] } },
{ "type": "Feature", "properties": { "id": "FUSSGEHERZONEOGD.1692287", "OBJECTID": 1692287, "ADRESSE": "16., Brunnengasse", "ZEITRAUM": "Mo. - Sa. (werkt.) v.00.00 - 6.00 u. 9.30 - 24.00h; Mo. - Fr. (werkt.) v.00.00 - 18.30 u. 20.00 - 24.00h; Sa. (werkt.) v. 00.00 - 16:30 u.17:30 - 24.00h; So.- u. Feiertag 00.00 -24.00h", "AUSN_TEXT": "ausgen. Mo. - Sa. (werkt.) v. 6:00 - 9:30h; Mo. - Fr. (werkt.) v. 18:30 - 20:00h; Sa. (werkt.) v. 16:30 - 17:30h; sowie ausgen. Fahrräder  Mo. - Sa. (werkt.) v. 18:30 - 6:00h; So.- und Feiertage 00:00 - 24:00h", "WEBLINK1": "http://www.wien.gv.at/verkehr/verkehrssicherheit/massnahmen/index.html", "SE_ANNO_CAD_DATA": null }, "geometry": { "type": "Polygon", "coordinates": [ [ [ 16.33609185, 48.21116334 ], [ 16.33622018, 48.21173213 ], [ 16.33624269, 48.21174267 ], [ 16.33604683, 48.21176223 ], [ 16.3359185, 48.2111814 ], [ 16.33609185, 48.21116334 ] ] ] } },
{ "type": "Feature", "properties": { "id": "FUSSGEHERZONEOGD.1692288", "OBJECTID": 1692288, "ADRESSE": "16., Brunnengasse", "ZEITRAUM": "Mo. - Sa. (werkt.) v.00.00 - 6.00 u. 9.30 - 24.00h; Mo. - Fr. (werkt.) v.00.00 - 18.30 u. 20.00 - 24.00h; Sa. (werkt.) v. 00.00 - 16:30 u.17:30 - 24.00h; So.- u. Feiertag 00.00 -24.00h", "AUSN_TEXT": "ausgen. Mo. - Sa. (werkt.) v. 6:00 - 9:30h; Mo. - Fr. (werkt.) v. 18:30 - 20:00h; Sa. (werkt.) v. 16:30 - 17:30h; sowie ausgen. Fahrräder  Mo. - Sa. (werkt.) v. 18:30 - 6:00h; So.- und Feiertage 00:00 - 24:00h", "WEBLINK1": "http://www.wien.gv.at/verkehr/verkehrssicherheit/massnahmen/index.html", "SE_ANNO_CAD_DATA": null }, "geometry": { "type": "Polygon", "coordinates": [ [ [ 16.33624494, 48.21184574 ], [ 16.33624494, 48.21184724 ], [ 16.33635076, 48.21231973 ], [ 16.3361774, 48.21231973 ], [ 16.33606934, 48.21186078 ], [ 16.33624494, 48.21184574 ] ] ] } },
{ "type": "Feature", "properties": { "id": "FUSSGEHERZONEOGD.1692289", "OBJECTID": 1692289, "ADRESSE": "16., Brunnengasse", "ZEITRAUM": "Mo. - Sa. (werkt.) v.00.00 - 6.00 u. 9.30 - 24.00h; Mo. - Fr. (werkt.) v.00.00 - 18.30 u. 20.00 - 24.00h; Sa. (werkt.) v. 00.00 - 16:30 u.17:30 - 24.00h; So.- u. Feiertag 00.00 -24.00h", "AUSN_TEXT": "ausgen. Mo. - Sa. (werkt.) v. 6:00 - 9:30h; Mo. - Fr. (werkt.) v. 18:30 - 20:00h; Sa. (werkt.) v. 16:30 - 17:30h; sowie ausgen. Fahrräder  Mo. - Sa. (werkt.) v. 18:30 - 6:00h; So.- und Feiertage 00:00 - 24:00h", "WEBLINK1": "http://www.wien.gv.at/verkehr/verkehrssicherheit/massnahmen/index.html", "SE_ANNO_CAD_DATA": null }, "geometry": { "type": "Polygon", "coordinates": [ [ [ 16.33644251, 48.21244491 ], [ 16.33642106, 48.21246783 ], [ 16.33665864, 48.21315555 ], [ 16.3366614, 48.21317035 ], [ 16.33645493, 48.21315504 ], [ 16.33644402, 48.21311926 ], [ 16.33622452, 48.21247284 ], [ 16.33619178, 48.2124559 ], [ 16.33644251, 48.21244491 ] ] ] } },
{ "type": "Feature", "properties": { "id": "FUSSGEHERZONEOGD.1692290", "OBJECTID": 1692290, "ADRESSE": "1., Kärntner Straße", "ZEITRAUM": "Mo .- Sa. (werkt.) v. 6-10:30h", "AUSN_TEXT": "ausgen. Mo. - Sa. (werkt.) v. 6 -10:30h Zufahrt zur Ladetätigkeit mit Fahrzeugen bis 18t höchstzul. Gesamtgewicht und Taxi zum Aus- und Einsteigen", "WEBLINK1": "http://www.wien.gv.at/verkehr/verkehrssicherheit/massnahmen/index.html", "SE_ANNO_CAD_DATA": null }, "geometry": { "type": "Polygon", "coordinates": [ [ [ 16.3706137, 48.20413373 ], [ 16.37064529, 48.20420185 ], [ 16.37072397, 48.20436173 ], [ 16.37070688, 48.20436524 ], [ 16.37084024, 48.20461134 ], [ 16.37085051, 48.20463089 ], [ 16.37062003, 48.20468353 ], [ 16.37057855, 48.20459729 ], [ 16.37041909, 48.20426737 ], [ 16.37038056, 48.20418576 ], [ 16.3706137, 48.20413373 ] ] ] } },
{ "type": "Feature", "properties": { "id": "FUSSGEHERZONEOGD.1692291", "OBJECTID": 1692291, "ADRESSE": "6., Loquaiplatz", "ZEITRAUM": "Mo.-Fr. (werkt.) von 6-10.30h", "AUSN_TEXT": "ausgen. Ladetätigkeit, sowie die Zufahrt zum genehmigten Einstellplatz", "WEBLINK1": "http://www.wien.gv.at/verkehr/verkehrssicherheit/massnahmen/index.html", "SE_ANNO_CAD_DATA": null }, "geometry": { "type": "Polygon", "coordinates": [ [ [ 16.34820216, 48.19475538 ], [ 16.34859712, 48.19440532 ], [ 16.34869141, 48.19445134 ], [ 16.34844782, 48.19466591 ], [ 16.34848436, 48.19468276 ], [ 16.34844034, 48.1947236 ], [ 16.34840586, 48.19470671 ], [ 16.34837524, 48.19473435 ], [ 16.34838942, 48.19474155 ], [ 16.34831688, 48.19480595 ], [ 16.34820216, 48.19475538 ] ] ] } },
{ "type": "Feature", "properties": { "id": "FUSSGEHERZONEOGD.1692292", "OBJECTID": 1692292, "ADRESSE": "6., Loquaiplatz", "ZEITRAUM": "Mo.-Fr. (werkt.) von 6-10.30h", "AUSN_TEXT": "ausgen. Ladetätigkeit, sowie ausgen. Taxi und Behindertentransporte", "WEBLINK1": "http://www.wien.gv.at/verkehr/verkehrssicherheit/massnahmen/index.html", "SE_ANNO_CAD_DATA": null }, "geometry": { "type": "Polygon", "coordinates": [ [ [ 16.34781249, 48.19522899 ], [ 16.34775107, 48.19528239 ], [ 16.3476641, 48.19523909 ], [ 16.34772161, 48.19518576 ], [ 16.34820216, 48.19475538 ], [ 16.34831688, 48.19480595 ], [ 16.34839413, 48.19484423 ], [ 16.34833728, 48.19489441 ], [ 16.34830919, 48.19490544 ], [ 16.34829046, 48.19489971 ], [ 16.3482762, 48.19490409 ], [ 16.34825536, 48.19492277 ], [ 16.34823539, 48.19493501 ], [ 16.3482118, 48.19494233 ], [ 16.34818096, 48.19494575 ], [ 16.34815393, 48.19494301 ], [ 16.34812151, 48.19493212 ], [ 16.34781324, 48.19521139 ], [ 16.34781249, 48.19522899 ] ] ] } },
{ "type": "Feature", "properties": { "id": "FUSSGEHERZONEOGD.1692293", "OBJECTID": 1692293, "ADRESSE": "6., Nevillebrücke", "ZEITRAUM": null, "AUSN_TEXT": "ausgen. Fahrräder", "WEBLINK1": "http://www.wien.gv.at/verkehr/verkehrssicherheit/massnahmen/index.html", "SE_ANNO_CAD_DATA": null }, "geometry": { "type": "Polygon", "coordinates": [ [ [ 16.34875919, 48.18947354 ], [ 16.34831409, 48.18939562 ], [ 16.34837638, 48.18921317 ], [ 16.34883804, 48.18929411 ], [ 16.34875919, 48.18947354 ] ] ] } },
{ "type": "Feature", "properties": { "id": "FUSSGEHERZONEOGD.1692294", "OBJECTID": 1692294, "ADRESSE": "1., Bereich Krugerstraße", "ZEITRAUM": "Mo .- Sa. (werkt.) v. 6-10:30h", "AUSN_TEXT": "ausgen. Mo. - Sa. (werkt.) v. 6 -10:30h Zufahrt zur Ladetätigkeit mit Fahrzeugen bis 18t höchstzul. Gesamtgewicht und Taxi zum Aus- und Einsteigen", "WEBLINK1": "http://www.wien.gv.at/verkehr/verkehrssicherheit/massnahmen/index.html", "SE_ANNO_CAD_DATA": null }, "geometry": { "type": "Polygon", "coordinates": [ [ [ 16.37064529, 48.20420185 ], [ 16.37058123, 48.20407272 ], [ 16.37108383, 48.20394361 ], [ 16.37138837, 48.20386358 ], [ 16.37143853, 48.20385051 ], [ 16.37182478, 48.20375044 ], [ 16.37189098, 48.2038778 ], [ 16.37172554, 48.20392066 ], [ 16.37171045, 48.2038972 ], [ 16.37153586, 48.20394635 ], [ 16.37135872, 48.2039947 ], [ 16.37137017, 48.20401322 ], [ 16.37086616, 48.20414198 ], [ 16.37065188, 48.20419456 ], [ 16.37064529, 48.20420185 ] ] ] } },
{ "type": "Feature", "properties": { "id": "FUSSGEHERZONEOGD.1692295", "OBJECTID": 1692295, "ADRESSE": "1., Annagasse ON. 6-20", "ZEITRAUM": "Mo .- Sa. (werkt.) v. 6-10:30h", "AUSN_TEXT": "ausgen. Mo. - Sa. (werkt.) v. 6 -10:30h Zufahrt zur Ladetätigkeit mit Fahrzeugen bis 18t höchstzul. Gesamtgewicht und Taxi zum Aus- und Einsteigen sowie Zufahrt zu den genehmigten Stellplätzen", "WEBLINK1": "http://www.wien.gv.at/verkehr/verkehrssicherheit/massnahmen/index.html", "SE_ANNO_CAD_DATA": null }, "geometry": { "type": "Polygon", "coordinates": [ [ [ 16.37172012, 48.20445108 ], [ 16.37160724, 48.20447961 ], [ 16.37156444, 48.20441516 ], [ 16.37167795, 48.20438128 ], [ 16.37176714, 48.20435466 ], [ 16.37197361, 48.20429003 ], [ 16.37215923, 48.20423565 ], [ 16.37238196, 48.20415995 ], [ 16.37246872, 48.20414436 ], [ 16.37264251, 48.20410483 ], [ 16.37294195, 48.2040505 ], [ 16.37342674, 48.20396266 ], [ 16.37348018, 48.20400689 ], [ 16.37305619, 48.20408329 ], [ 16.37280827, 48.20412474 ], [ 16.37255257, 48.20419164 ], [ 16.37230185, 48.20426061 ], [ 16.37217165, 48.20429743 ], [ 16.37205651, 48.20433461 ], [ 16.37171003, 48.20442642 ], [ 16.37171796, 48.20443841 ], [ 16.37171419, 48.2044394 ], [ 16.37172012, 48.20445108 ] ] ] } },
{ "type": "Feature", "properties": { "id": "FUSSGEHERZONEOGD.1692296", "OBJECTID": 1692296, "ADRESSE": "1., Maysedergasse", "ZEITRAUM": "Mo .- Sa. (werkt.) v. 6-10:30h", "AUSN_TEXT": "ausgen. Mo. - Sa. (werkt.) v. 6 -10:30h Zufahrt zur Ladetätigkeit mit Fahrzeugen bis 18t höchstzul. Gesamtgewicht und Taxi zum Aus- und Einsteigen", "WEBLINK1": "http://www.wien.gv.at/verkehr/verkehrssicherheit/massnahmen/index.html", "SE_ANNO_CAD_DATA": null }, "geometry": { "type": "Polygon", "coordinates": [ [ [ 16.37041909, 48.20426737 ], [ 16.37038178, 48.20425544 ], [ 16.37028381, 48.2042743 ], [ 16.3702257, 48.20414792 ], [ 16.37035043, 48.20412195 ], [ 16.37041909, 48.20426737 ] ] ] } },
{ "type": "Feature", "properties": { "id": "FUSSGEHERZONEOGD.1692297", "OBJECTID": 1692297, "ADRESSE": "1., Führichgasse", "ZEITRAUM": "Mo .- Sa. (werkt.) v. 6-10:30h", "AUSN_TEXT": "ausgen. Mo. - Sa. (werkt.) v. 6 -10:30h Zufahrt zur Ladetätigkeit mit Fahrzeugen bis 18t höchstzul. Gesamtgewicht und Taxi zum Aus- und Einsteigen", "WEBLINK1": "http://www.wien.gv.at/verkehr/verkehrssicherheit/massnahmen/index.html", "SE_ANNO_CAD_DATA": null }, "geometry": { "type": "Polygon", "coordinates": [ [ [ 16.37063928, 48.20472281 ], [ 16.37048246, 48.20475617 ], [ 16.37043589, 48.20464647 ], [ 16.37055671, 48.204621 ], [ 16.37057855, 48.20459729 ], [ 16.37063928, 48.20472281 ] ] ] } },
{ "type": "Feature", "properties": { "id": "FUSSGEHERZONEOGD.1692298", "OBJECTID": 1692298, "ADRESSE": "1., Annagasse ON. 2-4", "ZEITRAUM": "Mo .- Sa. (werkt.) v. 6-10:30h", "AUSN_TEXT": "ausgen. Mo. - Sa. (werkt.) v. 6 -10:30h Zufahrt zur Ladetätigkeit mit Fahrzeugen bis 18t höchstzul. Gesamtgewicht und Taxi zum Aus- und Einsteigen", "WEBLINK1": "http://www.wien.gv.at/verkehr/verkehrssicherheit/massnahmen/index.html", "SE_ANNO_CAD_DATA": null }, "geometry": { "type": "Polygon", "coordinates": [ [ [ 16.37084024, 48.20461134 ], [ 16.37095282, 48.20458046 ], [ 16.37103016, 48.20455648 ], [ 16.37138514, 48.20446297 ], [ 16.37156444, 48.20441516 ], [ 16.3716058, 48.20447997 ], [ 16.37112787, 48.20460109 ], [ 16.37086893, 48.20466592 ], [ 16.37084024, 48.20461134 ] ] ] } },
{ "type": "Feature", "properties": { "id": "FUSSGEHERZONEOGD.1692299", "OBJECTID": 1692299, "ADRESSE": "1., Johannesgasse", "ZEITRAUM": "Mo .- Sa. (werkt.) v. 6-10:30h", "AUSN_TEXT": "ausgen. Mo. - Sa. (werkt.) v. 6 -10:30h Zufahrt zur Ladetätigkeit mit Fahrzeugen bis 18t höchstzul. Gesamtgewicht und Taxi zum Aus- und Einsteigen", "WEBLINK1": "http://www.wien.gv.at/verkehr/verkehrssicherheit/massnahmen/index.html", "SE_ANNO_CAD_DATA": null }, "geometry": { "type": "Polygon", "coordinates": [ [ [ 16.37119416, 48.20534634 ], [ 16.37115721, 48.2052779 ], [ 16.37144834, 48.20519752 ], [ 16.371585, 48.20516033 ], [ 16.37179363, 48.20510253 ], [ 16.37184237, 48.20516781 ], [ 16.37147536, 48.20526989 ], [ 16.37119416, 48.20534634 ] ] ] } },
{ "type": "Feature", "properties": { "id": "FUSSGEHERZONEOGD.1692300", "OBJECTID": 1692300, "ADRESSE": "1., Marco-d´Aviano-Gasse", "ZEITRAUM": "Mo .- Sa. (werkt.) v. 6-10:30h", "AUSN_TEXT": "ausgen. Mo. - Sa. (werkt.) v. 6 -10:30h Zufahrt zur Ladetätigkeit mit Fahrzeugen bis 18t höchstzul. Gesamtgewicht und Taxi zum Aus- und Einsteigen", "WEBLINK1": "http://www.wien.gv.at/verkehr/verkehrssicherheit/massnahmen/index.html", "SE_ANNO_CAD_DATA": null }, "geometry": { "type": "Polygon", "coordinates": [ [ [ 16.37065385, 48.20547845 ], [ 16.3705773, 48.20535253 ], [ 16.37070555, 48.20532215 ], [ 16.37089709, 48.2052787 ], [ 16.37095581, 48.20540784 ], [ 16.37065385, 48.20547845 ] ] ] } },
{ "type": "Feature", "properties": { "id": "FUSSGEHERZONEOGD.1692301", "OBJECTID": 1692301, "ADRESSE": "1., Donnergasse", "ZEITRAUM": "Mo .- Sa. (werkt.) v. 6-10:30h", "AUSN_TEXT": "ausgen. Mo. - Sa. (werkt.) v. 6 -10:30h Zufahrt zur Ladetätigkeit mit Fahrzeugen bis 18t höchstzul. Gesamtgewicht und Taxi zum Aus- und Einsteigen", "WEBLINK1": "http://www.wien.gv.at/verkehr/verkehrssicherheit/massnahmen/index.html", "SE_ANNO_CAD_DATA": null }, "geometry": { "type": "Polygon", "coordinates": [ [ [ 16.37099656, 48.20612714 ], [ 16.37095728, 48.20603101 ], [ 16.37121089, 48.2059667 ], [ 16.37123478, 48.20594282 ], [ 16.37127569, 48.20605752 ], [ 16.37099656, 48.20612714 ] ] ] } },
{ "type": "Feature", "properties": { "id": "FUSSGEHERZONEOGD.1692302", "OBJECTID": 1692302, "ADRESSE": "1., Kupferschmiedgasse", "ZEITRAUM": "Mo .- Sa. (werkt.) v. 6-10:30h", "AUSN_TEXT": "ausgen. Mo. - Sa. (werkt.) v. 6 -10:30h Zufahrt zur Ladetätigkeit mit Fahrzeugen bis 18t höchstzul. Gesamtgewicht und Taxi zum Aus- und Einsteigen", "WEBLINK1": "http://www.wien.gv.at/verkehr/verkehrssicherheit/massnahmen/index.html", "SE_ANNO_CAD_DATA": null }, "geometry": { "type": "Polygon", "coordinates": [ [ [ 16.37144119, 48.20682029 ], [ 16.37115564, 48.20685035 ], [ 16.37112528, 48.20672269 ], [ 16.37141297, 48.20669067 ], [ 16.37144119, 48.20682029 ] ] ] } },
{ "type": "Feature", "properties": { "id": "FUSSGEHERZONEOGD.1692303", "OBJECTID": 1692303, "ADRESSE": "1., Kärntner Durchgang", "ZEITRAUM": null, "AUSN_TEXT": null, "WEBLINK1": "http://www.wien.gv.at/verkehr/verkehrssicherheit/massnahmen/index.html", "SE_ANNO_CAD_DATA": null }, "geometry": { "type": "Polygon", "coordinates": [ [ [ 16.37138282, 48.20716687 ], [ 16.37145977, 48.20715534 ], [ 16.37147682, 48.20715036 ], [ 16.37148409, 48.20714646 ], [ 16.37149196, 48.2071401 ], [ 16.37149685, 48.20713372 ], [ 16.3715001, 48.20712505 ], [ 16.37152566, 48.20723816 ], [ 16.37151471, 48.20722464 ], [ 16.37150209, 48.20721881 ], [ 16.37148401, 48.20721578 ], [ 16.37146829, 48.20721742 ], [ 16.37122501, 48.20725367 ], [ 16.37122585, 48.20725678 ], [ 16.3709891, 48.20729119 ], [ 16.37097002, 48.20730068 ], [ 16.37096328, 48.20730729 ], [ 16.37095781, 48.20731806 ], [ 16.37095805, 48.20733104 ], [ 16.37089195, 48.20722365 ], [ 16.37090189, 48.20722931 ], [ 16.37091219, 48.20723257 ], [ 16.3709258, 48.20723415 ], [ 16.37138282, 48.20716687 ] ] ] } },
{ "type": "Feature", "properties": { "id": "FUSSGEHERZONEOGD.1692304", "OBJECTID": 1692304, "ADRESSE": "1., Stock-im-Eisen-Platz", "ZEITRAUM": "Mo .- Sa. (werkt.) v. 6-10:30h", "AUSN_TEXT": "ausgen. Mo. - Sa. (werkt.) v. 6 -10:30h Zufahrt zur Ladetätigkeit mit Fahrzeugen bis 18t höchstzul. Gesamtgewicht und Taxi zum Aus- und Einsteigen", "WEBLINK1": "http://www.wien.gv.at/verkehr/verkehrssicherheit/massnahmen/index.html", "SE_ANNO_CAD_DATA": null }, "geometry": { "type": "Polygon", "coordinates": [ [ [ 16.37190163, 48.20785223 ], [ 16.37195466, 48.20799488 ], [ 16.37196395, 48.20800198 ], [ 16.37204626, 48.20814459 ], [ 16.37205402, 48.20815508 ], [ 16.37206268, 48.208161 ], [ 16.3720688, 48.20816385 ], [ 16.37207554, 48.20816612 ], [ 16.37168673, 48.20834054 ], [ 16.37167255, 48.20832231 ], [ 16.37165678, 48.20830266 ], [ 16.37163581, 48.20828615 ], [ 16.37161517, 48.20826937 ], [ 16.37158074, 48.2082514 ], [ 16.3715443, 48.20823598 ], [ 16.37152665, 48.20823048 ], [ 16.37149866, 48.20822384 ], [ 16.37147635, 48.20821914 ], [ 16.37145807, 48.20821593 ], [ 16.37144114, 48.2082141 ], [ 16.37142127, 48.2082132 ], [ 16.37139178, 48.20821323 ], [ 16.37134664, 48.20797007 ], [ 16.37166534, 48.20791547 ], [ 16.37190163, 48.20785223 ] ] ] } },
{ "type": "Feature", "properties": { "id": "FUSSGEHERZONEOGD.1692305", "OBJECTID": 1692305, "ADRESSE": "1., Singerstraße", "ZEITRAUM": "Mo .- Sa. (werkt.) v. 6-10:30h", "AUSN_TEXT": "ausgen. Mo. - Sa. (werkt.) v. 6 -10:30h Zufahrt zur Ladetätigkeit mit Fahrzeugen bis 18t höchstzul. Gesamtgewicht und Taxi zum Aus- und Einsteigen", "WEBLINK1": "http://www.wien.gv.at/verkehr/verkehrssicherheit/massnahmen/index.html", "SE_ANNO_CAD_DATA": null }, "geometry": { "type": "Polygon", "coordinates": [ [ [ 16.37195466, 48.20799488 ], [ 16.37190163, 48.20785223 ], [ 16.37203146, 48.20781564 ], [ 16.372109, 48.20793839 ], [ 16.37197874, 48.20797842 ], [ 16.37196784, 48.20797518 ], [ 16.37195466, 48.20799488 ] ] ] } },
{ "type": "Feature", "properties": { "id": "FUSSGEHERZONEOGD.1692306", "OBJECTID": 1692306, "ADRESSE": "1., Wallnerstraße", "ZEITRAUM": "Mo .- Sa. (werkt.) v. 6-10:30h", "AUSN_TEXT": "ausgen. Mo. - Sa. (werkt.) v. 6 -10:30h Zufahrt zur Ladetätigkeit mit Fahrzeugen bis 18t höchstzul. Gesamtgewicht und Taxi zum Aus- und Einsteigen", "WEBLINK1": "http://www.wien.gv.at/verkehr/verkehrssicherheit/massnahmen/index.html", "SE_ANNO_CAD_DATA": null }, "geometry": { "type": "Polygon", "coordinates": [ [ [ 16.3671787, 48.20932182 ], [ 16.3672417, 48.20927923 ], [ 16.36772911, 48.20896302 ], [ 16.36778787, 48.20899798 ], [ 16.36783742, 48.20903749 ], [ 16.36730688, 48.20938236 ], [ 16.36726793, 48.20938328 ], [ 16.3672661, 48.20938328 ], [ 16.3671787, 48.20932182 ] ] ] } },
{ "type": "Feature", "properties": { "id": "FUSSGEHERZONEOGD.1692307", "OBJECTID": 1692307, "ADRESSE": "1., Stephansplatz", "ZEITRAUM": "Mo .- Sa. (werkt.) v. 6-10:30h", "AUSN_TEXT": "ausgen. Mo. - Sa. (werkt.) v. 6 -10:30h Zufahrt zur Ladetätigkeit mit Fahrzeugen bis 18t höchstzul. Gesamtgewicht und Taxi zum Aus- und Einsteigen", "WEBLINK1": "http://www.wien.gv.at/verkehr/verkehrssicherheit/massnahmen/index.html", "SE_ANNO_CAD_DATA": null }, "geometry": { "type": "Polygon", "coordinates": [ [ [ 16.37243459, 48.20856443 ], [ 16.37242866, 48.20856706 ], [ 16.37243793, 48.20857642 ], [ 16.37243917, 48.20857767 ], [ 16.37243594, 48.20858208 ], [ 16.37243742, 48.20858837 ], [ 16.37244496, 48.20859107 ], [ 16.37245196, 48.20859127 ], [ 16.37247569, 48.20861258 ], [ 16.3724914, 48.20862748 ], [ 16.37248939, 48.20862847 ], [ 16.37249141, 48.20863026 ], [ 16.37248993, 48.20863089 ], [ 16.37249087, 48.2086317 ], [ 16.37248804, 48.20863296 ], [ 16.37249787, 48.20864228 ], [ 16.37250218, 48.20864069 ], [ 16.3725217, 48.20865948 ], [ 16.37251831, 48.2086609 ], [ 16.37251778, 48.20866112 ], [ 16.37252001, 48.20866319 ], [ 16.37251964, 48.20866343 ], [ 16.37252426, 48.20866785 ], [ 16.37252468, 48.20866765 ], [ 16.37252619, 48.20866697 ], [ 16.37252843, 48.20866596 ], [ 16.37254233, 48.20867936 ], [ 16.37254755, 48.20868439 ], [ 16.37254351, 48.20868628 ], [ 16.37255375, 48.20869679 ], [ 16.37254541, 48.20870066 ], [ 16.37258932, 48.20874214 ], [ 16.37228508, 48.20889099 ], [ 16.37224144, 48.20884816 ], [ 16.3720835, 48.20870027 ], [ 16.37194524, 48.20857083 ], [ 16.37185208, 48.20849071 ], [ 16.37177468, 48.20841158 ], [ 16.3717678, 48.20840188 ], [ 16.37175922, 48.20838979 ], [ 16.37177617, 48.20838412 ], [ 16.37176713, 48.20837238 ], [ 16.37173838, 48.20837421 ], [ 16.37172937, 48.20833941 ], [ 16.3717018, 48.2083412 ], [ 16.37170628, 48.20833984 ], [ 16.37169499, 48.20833815 ], [ 16.37168609, 48.20834081 ], [ 16.37175535, 48.20830404 ], [ 16.37207554, 48.20816612 ], [ 16.37207775, 48.20816658 ], [ 16.37243459, 48.20856443 ] ] ] } },
{ "type": "Feature", "properties": { "id": "FUSSGEHERZONEOGD.1692308", "OBJECTID": 1692308, "ADRESSE": "1., Churhausgasse", "ZEITRAUM": "Mo .- Sa. (werkt.) v. 6-10:30h", "AUSN_TEXT": "ausgen. Mo. - Sa. (werkt.) v. 6 -10:30h Zufahrt zur Ladetätigkeit mit Fahrzeugen bis 18t höchstzul. Gesamtgewicht und Taxi zum Aus- und Einsteigen", "WEBLINK1": "http://www.wien.gv.at/verkehr/verkehrssicherheit/massnahmen/index.html", "SE_ANNO_CAD_DATA": null }, "geometry": { "type": "Polygon", "coordinates": [ [ [ 16.37320978, 48.2079336 ], [ 16.37309182, 48.20798841 ], [ 16.37291576, 48.20769205 ], [ 16.37300158, 48.20766184 ], [ 16.37320978, 48.2079336 ] ] ] } },
{ "type": "Feature", "properties": { "id": "FUSSGEHERZONEOGD.1692309", "OBJECTID": 1692309, "ADRESSE": "1., Goldschmiedgasse", "ZEITRAUM": "Mo .- Sa. (werkt.) v. 6-10:30h", "AUSN_TEXT": "ausgen. Mo. - Sa. (werkt.) v. 6 -10:30h Zufahrt zur Ladetätigkeit mit Fahrzeugen bis 18t höchstzul. Gesamtgewicht und Taxi zum Aus- und Einsteigen", "WEBLINK1": "http://www.wien.gv.at/verkehr/verkehrssicherheit/massnahmen/index.html", "SE_ANNO_CAD_DATA": null }, "geometry": { "type": "Polygon", "coordinates": [ [ [ 16.37185208, 48.20849071 ], [ 16.37172367, 48.20854867 ], [ 16.37158012, 48.20861589 ], [ 16.37140284, 48.20869472 ], [ 16.37124494, 48.20876888 ], [ 16.37114589, 48.2088188 ], [ 16.37090963, 48.20894255 ], [ 16.37088598, 48.20895984 ], [ 16.37086823, 48.20896053 ], [ 16.37085991, 48.20895808 ], [ 16.37077408, 48.20888905 ], [ 16.3708868, 48.20883091 ], [ 16.37102104, 48.20875449 ], [ 16.37133, 48.20861003 ], [ 16.37155032, 48.20850701 ], [ 16.37171035, 48.20843355 ], [ 16.37177468, 48.20841158 ], [ 16.37185208, 48.20849071 ] ] ] } },
{ "type": "Feature", "properties": { "id": "FUSSGEHERZONEOGD.1692310", "OBJECTID": 1692310, "ADRESSE": "1., Graben", "ZEITRAUM": "Mo .- Sa. (werkt.) v. 6-10:30h", "AUSN_TEXT": "ausgen. Mo. - Sa. (werkt.) v. 6 -10:30h Zufahrt zur Ladetätigkeit mit Fahrzeugen bis 18t höchstzul. Gesamtgewicht und Taxi zum Aus- und Einsteigen", "WEBLINK1": "http://www.wien.gv.at/verkehr/verkehrssicherheit/massnahmen/index.html", "SE_ANNO_CAD_DATA": null }, "geometry": { "type": "Polygon", "coordinates": [ [ [ 16.36961458, 48.20861149 ], [ 16.36965095, 48.20858293 ], [ 16.36990813, 48.20841944 ], [ 16.37012111, 48.20829567 ], [ 16.37038422, 48.20849584 ], [ 16.37033349, 48.20851725 ], [ 16.37023263, 48.2085736 ], [ 16.37013391, 48.20862678 ], [ 16.36989433, 48.20878004 ], [ 16.36961458, 48.20861149 ] ] ] } },
{ "type": "Feature", "properties": { "id": "FUSSGEHERZONEOGD.1692311", "OBJECTID": 1692311, "ADRESSE": "1., Trattnerhof", "ZEITRAUM": "Mo .- Sa. (werkt.) v. 6-10:30h", "AUSN_TEXT": "ausgen. Mo. - Sa. (werkt.) v. 6 -10:30h Zufahrt zur Ladetätigkeit mit Fahrzeugen bis 18t höchstzul. Gesamtgewicht und Taxi zum Aus- und Einsteigen", "WEBLINK1": "http://www.wien.gv.at/verkehr/verkehrssicherheit/massnahmen/index.html", "SE_ANNO_CAD_DATA": null }, "geometry": { "type": "Polygon", "coordinates": [ [ [ 16.37088189, 48.20883345 ], [ 16.37077438, 48.2088889 ], [ 16.37033349, 48.20851725 ], [ 16.37043542, 48.20847422 ], [ 16.37088189, 48.20883345 ] ] ] } },
{ "type": "Feature", "properties": { "id": "FUSSGEHERZONEOGD.1692312", "OBJECTID": 1692312, "ADRESSE": "1., Graben", "ZEITRAUM": "Mo .- Sa. (werkt.) v. 6-10:30h", "AUSN_TEXT": "ausgen. Mo. - Sa. (werkt.) v. 6 -10:30h Zufahrt zur Ladetätigkeit mit Fahrzeugen bis 18t höchstzul. Gesamtgewicht und Taxi zum Aus- und Einsteigen", "WEBLINK1": "http://www.wien.gv.at/verkehr/verkehrssicherheit/massnahmen/index.html", "SE_ANNO_CAD_DATA": null }, "geometry": { "type": "Polygon", "coordinates": [ [ [ 16.3693351, 48.20914036 ], [ 16.36880771, 48.20951163 ], [ 16.36880919, 48.2095127 ], [ 16.36873145, 48.20956687 ], [ 16.36861888, 48.20963525 ], [ 16.3685731, 48.20958391 ], [ 16.36832519, 48.20939321 ], [ 16.36846717, 48.20930281 ], [ 16.36851803, 48.20930571 ], [ 16.36900196, 48.2089951 ], [ 16.36900537, 48.20899156 ], [ 16.36900866, 48.20898639 ], [ 16.36901042, 48.2089809 ], [ 16.3693351, 48.20914036 ] ] ] } },
{ "type": "Feature", "properties": { "id": "FUSSGEHERZONEOGD.1692313", "OBJECTID": 1692313, "ADRESSE": "1., Seilergasse", "ZEITRAUM": "Mo .- Sa. (werkt.) v. 6-10:30h", "AUSN_TEXT": "ausgen. Mo. - Sa. (werkt.) v. 6 -10:30h Zufahrt zur Ladetätigkeit mit Fahrzeugen bis 18t höchstzul. Gesamtgewicht und Taxi zum Aus- und Einsteigen", "WEBLINK1": "http://www.wien.gv.at/verkehr/verkehrssicherheit/massnahmen/index.html", "SE_ANNO_CAD_DATA": null }, "geometry": { "type": "Polygon", "coordinates": [ [ [ 16.37134664, 48.20797007 ], [ 16.37113682, 48.20800694 ], [ 16.37114603, 48.20800257 ], [ 16.37115192, 48.20799798 ], [ 16.37115699, 48.20799122 ], [ 16.37115898, 48.20797926 ], [ 16.37115625, 48.20797193 ], [ 16.37108742, 48.20786017 ], [ 16.37125155, 48.20781163 ], [ 16.37134664, 48.20797007 ] ] ] } },
{ "type": "Feature", "properties": { "id": "FUSSGEHERZONEOGD.1692314", "OBJECTID": 1692314, "ADRESSE": "1., Spiegelgasse", "ZEITRAUM": "Mo .- Sa. (werkt.) v. 6-10:30h", "AUSN_TEXT": "ausgen. Mo. - Sa. (werkt.) v. 6 -10:30h Zufahrt zur Ladetätigkeit mit Fahrzeugen bis 18t höchstzul. Gesamtgewicht und Taxi zum Aus- und Einsteigen", "WEBLINK1": "http://www.wien.gv.at/verkehr/verkehrssicherheit/massnahmen/index.html", "SE_ANNO_CAD_DATA": null }, "geometry": { "type": "Polygon", "coordinates": [ [ [ 16.37048677, 48.20813041 ], [ 16.37044116, 48.20804042 ], [ 16.37059913, 48.20800331 ], [ 16.37063249, 48.20807472 ], [ 16.37068988, 48.20809033 ], [ 16.37048677, 48.20813041 ] ] ] } },
{ "type": "Feature", "properties": { "id": "FUSSGEHERZONEOGD.1692315", "OBJECTID": 1692315, "ADRESSE": "1., Bräunerstraße", "ZEITRAUM": "Mo .- Sa. (werkt.) v. 6-10:30h", "AUSN_TEXT": "ausgen. Mo. - Sa. (werkt.) v. 6 -10:30h Zufahrt zur Ladetätigkeit mit Fahrzeugen bis 18t höchstzul. Gesamtgewicht und Taxi zum Aus- und Einsteigen", "WEBLINK1": "http://www.wien.gv.at/verkehr/verkehrssicherheit/massnahmen/index.html", "SE_ANNO_CAD_DATA": null }, "geometry": { "type": "Polygon", "coordinates": [ [ [ 16.36965095, 48.20858293 ], [ 16.36958946, 48.20863123 ], [ 16.3692829, 48.20834609 ], [ 16.36917615, 48.20824723 ], [ 16.36899408, 48.20807868 ], [ 16.36881071, 48.20788637 ], [ 16.36861438, 48.20762086 ], [ 16.36859567, 48.20759504 ], [ 16.36867444, 48.20756861 ], [ 16.36901378, 48.20799676 ], [ 16.36923958, 48.20821378 ], [ 16.36925449, 48.20820685 ], [ 16.36965095, 48.20858293 ] ] ] } },
{ "type": "Feature", "properties": { "id": "FUSSGEHERZONEOGD.1692316", "OBJECTID": 1692316, "ADRESSE": "1., Kohlmarkt", "ZEITRAUM": "Mo .- Sa. (werkt.) v. 6-10:30h", "AUSN_TEXT": "ausgen. Mo. - Sa. (werkt.) v. 6 -10:30h Zufahrt zur Ladetätigkeit mit Fahrzeugen bis 18t höchstzul. Gesamtgewicht und Taxi zum Aus- und Einsteigen", "WEBLINK1": "http://www.wien.gv.at/verkehr/verkehrssicherheit/massnahmen/index.html", "SE_ANNO_CAD_DATA": null }, "geometry": { "type": "Polygon", "coordinates": [ [ [ 16.36791815, 48.20891521 ], [ 16.36778695, 48.20899795 ], [ 16.36773018, 48.20896267 ], [ 16.36773077, 48.20895394 ], [ 16.36732501, 48.20865732 ], [ 16.36733765, 48.20865021 ], [ 16.36717047, 48.20852912 ], [ 16.36715837, 48.20853515 ], [ 16.36682495, 48.20828397 ], [ 16.36698461, 48.20821468 ], [ 16.36698273, 48.20821828 ], [ 16.36745171, 48.20858543 ], [ 16.36747538, 48.20857104 ], [ 16.36760931, 48.20866876 ], [ 16.36759195, 48.20868813 ], [ 16.36791815, 48.20891521 ] ] ] } },
{ "type": "Feature", "properties": { "id": "FUSSGEHERZONEOGD.1692317", "OBJECTID": 1692317, "ADRESSE": "1., Neubadgasse", "ZEITRAUM": "Mo .- Sa. (werkt.) v. 6-10:30h", "AUSN_TEXT": "ausgen. Mo. - Sa. (werkt.) v. 6 -10:30h Zufahrt zur Ladetätigkeit mit Fahrzeugen bis 18t höchstzul. Gesamtgewicht und Taxi zum Aus- und Einsteigen", "WEBLINK1": "http://www.wien.gv.at/verkehr/verkehrssicherheit/massnahmen/index.html", "SE_ANNO_CAD_DATA": null }, "geometry": { "type": "Polygon", "coordinates": [ [ [ 16.367228, 48.20938259 ], [ 16.36730688, 48.20938236 ], [ 16.36763937, 48.20962922 ], [ 16.36759915, 48.20965397 ], [ 16.367228, 48.20938259 ] ] ] } },
{ "type": "Feature", "properties": { "id": "FUSSGEHERZONEOGD.1692318", "OBJECTID": 1692318, "ADRESSE": "1., Haarhof", "ZEITRAUM": "Mo .- Sa. (werkt.) v. 6-10:30h", "AUSN_TEXT": "ausgen. Mo. - Sa. (werkt.) v. 6 -10:30h Zufahrt zur Ladetätigkeit mit Fahrzeugen bis 18t höchstzul. Gesamtgewicht und Taxi zum Aus- und Einsteigen", "WEBLINK1": "http://www.wien.gv.at/verkehr/verkehrssicherheit/massnahmen/index.html", "SE_ANNO_CAD_DATA": null }, "geometry": { "type": "Polygon", "coordinates": [ [ [ 16.36668822, 48.20981537 ], [ 16.36670987, 48.20979177 ], [ 16.36692933, 48.20994293 ], [ 16.36705107, 48.21001347 ], [ 16.36707166, 48.20999693 ], [ 16.36713411, 48.21003415 ], [ 16.36717823, 48.21000059 ], [ 16.36731795, 48.21010325 ], [ 16.36732845, 48.21010343 ], [ 16.36733867, 48.21009632 ], [ 16.36753034, 48.21022703 ], [ 16.36750371, 48.21024359 ], [ 16.367322, 48.21012529 ], [ 16.36721118, 48.21019798 ], [ 16.36668822, 48.20981537 ] ] ] } },
{ "type": "Feature", "properties": { "id": "FUSSGEHERZONEOGD.1692319", "OBJECTID": 1692319, "ADRESSE": "1., Naglergasse", "ZEITRAUM": "Mo .- Sa. (werkt.) v. 6-10:30h", "AUSN_TEXT": "ausgen. Mo. - Sa. (werkt.) v. 6 -10:30h Zufahrt zur Ladetätigkeit mit Fahrzeugen bis 18t höchstzul. Gesamtgewicht und Taxi zum Aus- und Einsteigen", "WEBLINK1": "http://www.wien.gv.at/verkehr/verkehrssicherheit/massnahmen/index.html", "SE_ANNO_CAD_DATA": null }, "geometry": { "type": "Polygon", "coordinates": [ [ [ 16.36751306, 48.21033097 ], [ 16.3674346, 48.21037944 ], [ 16.36724352, 48.21050131 ], [ 16.36706816, 48.21061305 ], [ 16.36683238, 48.21076154 ], [ 16.36671452, 48.21082183 ], [ 16.36669133, 48.21083558 ], [ 16.36666502, 48.21085215 ], [ 16.36664964, 48.21087093 ], [ 16.36663582, 48.21089439 ], [ 16.36662885, 48.21091527 ], [ 16.36662633, 48.2109426 ], [ 16.36663274, 48.21097472 ], [ 16.36664102, 48.21099161 ], [ 16.36668896, 48.21104636 ], [ 16.36660258, 48.21106527 ], [ 16.3665453, 48.21090287 ], [ 16.36656438, 48.21085997 ], [ 16.36661615, 48.21080464 ], [ 16.36666686, 48.21077468 ], [ 16.36675779, 48.21072223 ], [ 16.36696519, 48.21060436 ], [ 16.36702599, 48.21056504 ], [ 16.36712794, 48.21049766 ], [ 16.36720688, 48.2104426 ], [ 16.36726445, 48.2104022 ], [ 16.36735752, 48.2103395 ], [ 16.36741602, 48.21030072 ], [ 16.3674428, 48.21028287 ], [ 16.36751306, 48.21033097 ] ] ] } },
{ "type": "Feature", "properties": { "id": "FUSSGEHERZONEOGD.1692320", "OBJECTID": 1692320, "ADRESSE": "1., Irisgasse", "ZEITRAUM": "Mo .- Sa. (werkt.) v. 6-10:30h", "AUSN_TEXT": "ausgen. Mo. - Sa. (werkt.) v. 6 -10:30h Zufahrt zur Ladetätigkeit mit Fahrzeugen bis 18t höchstzul. Gesamtgewicht und Taxi zum Aus- und Einsteigen", "WEBLINK1": "http://www.wien.gv.at/verkehr/verkehrssicherheit/massnahmen/index.html", "SE_ANNO_CAD_DATA": null }, "geometry": { "type": "Polygon", "coordinates": [ [ [ 16.36743706, 48.21037787 ], [ 16.36759192, 48.21028224 ], [ 16.36771255, 48.21037974 ], [ 16.36761071, 48.21050985 ], [ 16.36743706, 48.21037787 ] ] ] } },
{ "type": "Feature", "properties": { "id": "FUSSGEHERZONEOGD.1692321", "OBJECTID": 1692321, "ADRESSE": "1., Franz-Josefs-Kai", "ZEITRAUM": "Mo. - Sa. (werkt.) von 6 - 10:30 h", "AUSN_TEXT": "ausgen. Mo.- Sa. (werkt.) von 6-10:30h die Zufahrt zur Ladetätigkeit", "WEBLINK1": "http://www.wien.gv.at/verkehr/verkehrssicherheit/massnahmen/index.html", "SE_ANNO_CAD_DATA": null }, "geometry": { "type": "Polygon", "coordinates": [ [ [ 16.37809575, 48.21154788 ], [ 16.37807108, 48.21155251 ], [ 16.37762646, 48.21163441 ], [ 16.37717427, 48.21172732 ], [ 16.37700043, 48.21150091 ], [ 16.37719394, 48.21145592 ], [ 16.37798988, 48.21130505 ], [ 16.37799474, 48.21130445 ], [ 16.37809575, 48.21154788 ] ] ] } },
{ "type": "Feature", "properties": { "id": "FUSSGEHERZONEOGD.1692322", "OBJECTID": 1692322, "ADRESSE": "1., Weihburggasse", "ZEITRAUM": "Mo .- Sa. (werkt.) v. 6-10:30h", "AUSN_TEXT": "ausgen. Mo. - Sa. (werkt.) v. 6 -10:30h Zufahrt zur Ladetätigkeit mit Fahrzeugen bis 18t höchstzul. Gesamtgewicht und Taxi zum Aus- und Einsteigen", "WEBLINK1": "http://www.wien.gv.at/verkehr/verkehrssicherheit/massnahmen/index.html", "SE_ANNO_CAD_DATA": null }, "geometry": { "type": "Polygon", "coordinates": [ [ [ 16.37218021, 48.20709524 ], [ 16.37194463, 48.20710501 ], [ 16.37194617, 48.20712541 ], [ 16.37179119, 48.20713867 ], [ 16.37175781, 48.20716908 ], [ 16.3717279, 48.20701764 ], [ 16.37174325, 48.20703695 ], [ 16.37176981, 48.20703959 ], [ 16.3721508, 48.20700035 ], [ 16.37216724, 48.20702643 ], [ 16.37235853, 48.20700053 ], [ 16.37235854, 48.20700886 ], [ 16.37245819, 48.20698741 ], [ 16.37248495, 48.20706831 ], [ 16.37239241, 48.20708261 ], [ 16.37218021, 48.20709524 ] ] ] } },
{ "type": "Feature", "properties": { "id": "FUSSGEHERZONEOGD.1692323", "OBJECTID": 1692323, "ADRESSE": "21., Pius-Parsch-Platz", "ZEITRAUM": "Mo. - Fr. (werkt.) von 7 - 10:30 h", "AUSN_TEXT": "ausgen. Mo. - Fr. (werkt.) v. 7 -10:30h die Zufahrt zur Ladetätigkeit sowie Fahrräder", "WEBLINK1": "http://www.wien.gv.at/verkehr/verkehrssicherheit/massnahmen/index.html", "SE_ANNO_CAD_DATA": null }, "geometry": { "type": "Polygon", "coordinates": [ [ [ 16.40005119, 48.25828217 ], [ 16.40023547, 48.2585816 ], [ 16.40045623, 48.25894193 ], [ 16.40056871, 48.25912546 ], [ 16.40067588, 48.25923955 ], [ 16.40033279, 48.2593717 ], [ 16.40023638, 48.25921828 ], [ 16.4002524, 48.25920685 ], [ 16.40019243, 48.25911979 ], [ 16.40029288, 48.25908904 ], [ 16.40008935, 48.25875723 ], [ 16.40001472, 48.25862262 ], [ 16.40006018, 48.25860994 ], [ 16.40002461, 48.25855082 ], [ 16.39998281, 48.2585606 ], [ 16.39984159, 48.25832828 ], [ 16.39993237, 48.25830431 ], [ 16.39967053, 48.25786934 ], [ 16.39977232, 48.25782757 ], [ 16.40005119, 48.25828217 ] ] ] } },
{ "type": "Feature", "properties": { "id": "FUSSGEHERZONEOGD.1692324", "OBJECTID": 1692324, "ADRESSE": "1., Rabensteig", "ZEITRAUM": "(werkt.) von 6-10:30 h", "AUSN_TEXT": "ausgen. (werkt.) von 6-10:30h die Zufahrt zur Ladetätigkeit", "WEBLINK1": "http://www.wien.gv.at/verkehr/verkehrssicherheit/massnahmen/index.html", "SE_ANNO_CAD_DATA": null }, "geometry": { "type": "Polygon", "coordinates": [ [ [ 16.37520155, 48.2118065 ], [ 16.37516544, 48.21174086 ], [ 16.37535402, 48.21174403 ], [ 16.37534992, 48.21193055 ], [ 16.37535223, 48.21193106 ], [ 16.37534873, 48.21195798 ], [ 16.37536482, 48.21197462 ], [ 16.37518759, 48.21202666 ], [ 16.37520155, 48.2118065 ] ] ] } },
{ "type": "Feature", "properties": { "id": "FUSSGEHERZONEOGD.1692325", "OBJECTID": 1692325, "ADRESSE": "9., Alserbachstraße", "ZEITRAUM": "Mo.- Sa. (werkt.) von 6.00-10.30h", "AUSN_TEXT": "ausgen. Fahrräder sowie Zufahrt zur Ladetätigkeit", "WEBLINK1": "http://www.wien.gv.at/verkehr/verkehrssicherheit/massnahmen/index.html", "SE_ANNO_CAD_DATA": null }, "geometry": { "type": "Polygon", "coordinates": [ [ [ 16.35507438, 48.22533133 ], [ 16.35499899, 48.22522661 ], [ 16.35551741, 48.22514091 ], [ 16.35552042, 48.22512481 ], [ 16.35561838, 48.22512378 ], [ 16.35562288, 48.22505429 ], [ 16.35586402, 48.22507641 ], [ 16.35594998, 48.22508363 ], [ 16.35594515, 48.2251713 ], [ 16.35508794, 48.22531018 ], [ 16.35508945, 48.22531017 ], [ 16.35507438, 48.22533133 ] ] ] } },
{ "type": "Feature", "properties": { "id": "FUSSGEHERZONEOGD.1692326", "OBJECTID": 1692326, "ADRESSE": "1., Graben", "ZEITRAUM": "Mo .- Sa. (werkt.) v. 6-10:30h", "AUSN_TEXT": "ausgen. Mo. - Sa. (werkt.) v. 6 -10:30h Zufahrt zur Ladetätigkeit mit Fahrzeugen bis 18t höchstzul. Gesamtgewicht und Taxi zum Aus- und Einsteigen", "WEBLINK1": "http://www.wien.gv.at/verkehr/verkehrssicherheit/massnahmen/index.html", "SE_ANNO_CAD_DATA": null }, "geometry": { "type": "Polygon", "coordinates": [ [ [ 16.37057223, 48.20811355 ], [ 16.37068988, 48.20809033 ], [ 16.37113057, 48.20800871 ], [ 16.37134664, 48.20797007 ], [ 16.37139178, 48.20821323 ], [ 16.37127511, 48.20822568 ], [ 16.3711837, 48.20824819 ], [ 16.3709481, 48.20829303 ], [ 16.37070301, 48.20833776 ], [ 16.37057223, 48.20811355 ] ] ] } },
{ "type": "Feature", "properties": { "id": "FUSSGEHERZONEOGD.1692327", "OBJECTID": 1692327, "ADRESSE": "1., Graben", "ZEITRAUM": "Mo .- Sa. (werkt.) v. 6-10:30h", "AUSN_TEXT": "ausgen. Mo. - Sa. (werkt.) v. 6 -10:30h Zufahrt zur Ladetätigkeit mit Fahrzeugen bis 18t höchstzul. Gesamtgewicht und Taxi zum Aus- und Einsteigen", "WEBLINK1": "http://www.wien.gv.at/verkehr/verkehrssicherheit/massnahmen/index.html", "SE_ANNO_CAD_DATA": null }, "geometry": { "type": "Polygon", "coordinates": [ [ [ 16.37030592, 48.20819491 ], [ 16.37033362, 48.20818513 ], [ 16.37048677, 48.20813041 ], [ 16.37057223, 48.20811355 ], [ 16.37070301, 48.20833776 ], [ 16.37069713, 48.20833883 ], [ 16.37061862, 48.2083654 ], [ 16.37056512, 48.20839261 ], [ 16.37053784, 48.20840812 ], [ 16.37030592, 48.20819491 ] ] ] } },
{ "type": "Feature", "properties": { "id": "FUSSGEHERZONEOGD.1692328", "OBJECTID": 1692328, "ADRESSE": "1., Graben", "ZEITRAUM": "Mo .- Sa. (werkt.) v. 6-10:30h", "AUSN_TEXT": "ausgen. Mo. - Sa. (werkt.) v. 6 -10:30h Zufahrt zur Ladetätigkeit mit Fahrzeugen bis 18t höchstzul. Gesamtgewicht und Taxi zum Aus- und Einsteigen", "WEBLINK1": "http://www.wien.gv.at/verkehr/verkehrssicherheit/massnahmen/index.html", "SE_ANNO_CAD_DATA": null }, "geometry": { "type": "Polygon", "coordinates": [ [ [ 16.37012111, 48.20829567 ], [ 16.37027677, 48.2082052 ], [ 16.37030592, 48.20819491 ], [ 16.37053784, 48.20840812 ], [ 16.37043646, 48.20846573 ], [ 16.37043542, 48.20847422 ], [ 16.37038422, 48.20849584 ], [ 16.37012111, 48.20829567 ] ] ] } },
{ "type": "Feature", "properties": { "id": "FUSSGEHERZONEOGD.1692329", "OBJECTID": 1692329, "ADRESSE": "1., Graben", "ZEITRAUM": "Mo .- Sa. (werkt.) v. 6-10:30h", "AUSN_TEXT": "ausgen. Mo. - Sa. (werkt.) v. 6 -10:30h Zufahrt zur Ladetätigkeit mit Fahrzeugen bis 18t höchstzul. Gesamtgewicht und Taxi zum Aus- und Einsteigen", "WEBLINK1": "http://www.wien.gv.at/verkehr/verkehrssicherheit/massnahmen/index.html", "SE_ANNO_CAD_DATA": null }, "geometry": { "type": "Polygon", "coordinates": [ [ [ 16.36989433, 48.20878004 ], [ 16.36985516, 48.2088051 ], [ 16.36976082, 48.20886447 ], [ 16.36951604, 48.20902684 ], [ 16.36935284, 48.20896372 ], [ 16.36914438, 48.20890979 ], [ 16.36932852, 48.20878597 ], [ 16.36958946, 48.20863123 ], [ 16.36961458, 48.20861149 ], [ 16.36989433, 48.20878004 ] ] ] } },
{ "type": "Feature", "properties": { "id": "FUSSGEHERZONEOGD.1692330", "OBJECTID": 1692330, "ADRESSE": "1., Kärntner Straße", "ZEITRAUM": "Mo .- Sa. (werkt.) v. 6-10:30h", "AUSN_TEXT": "ausgen. Mo. - Sa. (werkt.) v. 6 -10:30h Zufahrt zur Ladetätigkeit mit Fahrzeugen bis 18t höchstzul. Gesamtgewicht und Taxi zum Aus- und Einsteigen", "WEBLINK1": "http://www.wien.gv.at/verkehr/verkehrssicherheit/massnahmen/index.html", "SE_ANNO_CAD_DATA": null }, "geometry": { "type": "Polygon", "coordinates": [ [ [ 16.3717441, 48.20710022 ], [ 16.37175781, 48.20716908 ], [ 16.37179861, 48.20736282 ], [ 16.37190163, 48.20785223 ], [ 16.37166534, 48.20791547 ], [ 16.37152681, 48.20724392 ], [ 16.37151257, 48.20717682 ], [ 16.3717441, 48.20710022 ] ] ] } },
{ "type": "Feature", "properties": { "id": "FUSSGEHERZONEOGD.1692331", "OBJECTID": 1692331, "ADRESSE": "1., Himmelpfortgasse", "ZEITRAUM": "Mo .- Sa. (werkt.) v. 6-10:30h", "AUSN_TEXT": "ausgen. Mo. - Sa. (werkt.) v. 6 -10:30h Zufahrt zur Ladetätigkeit mit Fahrzeugen bis 18t höchstzul. Gesamtgewicht und Taxi zum Aus- und Einsteigen", "WEBLINK1": "http://www.wien.gv.at/verkehr/verkehrssicherheit/massnahmen/index.html", "SE_ANNO_CAD_DATA": null }, "geometry": { "type": "Polygon", "coordinates": [ [ [ 16.37152547, 48.20600315 ], [ 16.37147906, 48.205907 ], [ 16.37217251, 48.20576186 ], [ 16.37218546, 48.20578288 ], [ 16.37229156, 48.2057608 ], [ 16.37228412, 48.20583834 ], [ 16.37202766, 48.20588647 ], [ 16.37203199, 48.20589597 ], [ 16.37152547, 48.20600315 ] ] ] } },
{ "type": "Feature", "properties": { "id": "FUSSGEHERZONEOGD.1692332", "OBJECTID": 1692332, "ADRESSE": "1., Judenplatz", "ZEITRAUM": "Mo. - Sa. (werkt.) von 6 - 10.30 h", "AUSN_TEXT": "ausgen. Fahrräder, sowie Zufahrt zur Ladetätigkeit und Taxi", "WEBLINK1": "http://www.wien.gv.at/verkehr/verkehrssicherheit/massnahmen/index.html", "SE_ANNO_CAD_DATA": null }, "geometry": { "type": "Polygon", "coordinates": [ [ [ 16.3701777, 48.21154394 ], [ 16.36982364, 48.21169776 ], [ 16.36972683, 48.21173872 ], [ 16.36949934, 48.21183871 ], [ 16.36950789, 48.21184537 ], [ 16.3693093, 48.21193442 ], [ 16.36919959, 48.21184832 ], [ 16.36928428, 48.21178024 ], [ 16.36909695, 48.21168131 ], [ 16.36919945, 48.21163322 ], [ 16.36941655, 48.21154035 ], [ 16.36969132, 48.21142511 ], [ 16.36993476, 48.2113251 ], [ 16.36999669, 48.2113089 ], [ 16.37007793, 48.21141452 ], [ 16.37013992, 48.21148779 ], [ 16.3701777, 48.21154394 ] ] ] } },
{ "type": "Feature", "properties": { "id": "FUSSGEHERZONEOGD.1692333", "OBJECTID": 1692333, "ADRESSE": "1., Fütterergasse", "ZEITRAUM": "Mo. - Sa. (werkt.) von 6 - 10.30 h", "AUSN_TEXT": "ausgen. Fahrräder, sowie Zufahrt zur Ladetätigkeit und Taxi", "WEBLINK1": "http://www.wien.gv.at/verkehr/verkehrssicherheit/massnahmen/index.html", "SE_ANNO_CAD_DATA": null }, "geometry": { "type": "Polygon", "coordinates": [ [ [ 16.36974951, 48.21172953 ], [ 16.36982019, 48.21169904 ], [ 16.37016625, 48.21205349 ], [ 16.3700135, 48.21202498 ], [ 16.37001776, 48.21200642 ], [ 16.36974951, 48.21172953 ] ] ] } },
{ "type": "Feature", "properties": { "id": "FUSSGEHERZONEOGD.1692334", "OBJECTID": 1692334, "ADRESSE": "1., Jordangasse", "ZEITRAUM": "Mo. - Sa. (werkt.) von 6 - 10.30 h", "AUSN_TEXT": "ausgen. Fahrräder, sowie Zufahrt zur Ladetätigkeit und Taxi und Zu- u. Abfahrt zu den genehmigten Stellplätzen gestattet", "WEBLINK1": "http://www.wien.gv.at/verkehr/verkehrssicherheit/massnahmen/index.html", "SE_ANNO_CAD_DATA": null }, "geometry": { "type": "Polygon", "coordinates": [ [ [ 16.37018063, 48.21154252 ], [ 16.37014113, 48.2114898 ], [ 16.37084, 48.21122577 ], [ 16.37105642, 48.2113197 ], [ 16.37110123, 48.21135807 ], [ 16.37103661, 48.21138929 ], [ 16.3710308, 48.21140878 ], [ 16.3711723, 48.21155221 ], [ 16.37120217, 48.21155661 ], [ 16.37111048, 48.21167013 ], [ 16.37101946, 48.21157672 ], [ 16.37103964, 48.21156655 ], [ 16.37087147, 48.211396 ], [ 16.37084819, 48.21140374 ], [ 16.37076889, 48.21132363 ], [ 16.37018063, 48.21154252 ] ] ] } },
{ "type": "Feature", "properties": { "id": "FUSSGEHERZONEOGD.1692335", "OBJECTID": 1692335, "ADRESSE": "1., Schultergasse", "ZEITRAUM": "Mo. - Sa. (werkt.) von 6 - 10.30 h", "AUSN_TEXT": "ausgen. Fahrräder, sowie Zufahrt zur Ladetätigkeit und Taxi", "WEBLINK1": "http://www.wien.gv.at/verkehr/verkehrssicherheit/massnahmen/index.html", "SE_ANNO_CAD_DATA": null }, "geometry": { "type": "Polygon", "coordinates": [ [ [ 16.37110353, 48.21135696 ], [ 16.37105642, 48.2113197 ], [ 16.37159328, 48.21106077 ], [ 16.37164377, 48.21109876 ], [ 16.37110353, 48.21135696 ] ] ] } },
{ "type": "Feature", "properties": { "id": "FUSSGEHERZONEOGD.1692336", "OBJECTID": 1692336, "ADRESSE": "1., Kurrentgasse", "ZEITRAUM": "Mo. - Sa. (werkt.) von 6 - 10.30 h", "AUSN_TEXT": "ausgen. Fahrräder, sowie Zufahrt zur Ladetätigkeit und Taxi und Zufahrt zu den genehmigten Stellplätzen gestattet", "WEBLINK1": "http://www.wien.gv.at/verkehr/verkehrssicherheit/massnahmen/index.html", "SE_ANNO_CAD_DATA": null }, "geometry": { "type": "Polygon", "coordinates": [ [ [ 16.36993637, 48.21132579 ], [ 16.36971209, 48.21102824 ], [ 16.36974474, 48.21101498 ], [ 16.36965388, 48.21093716 ], [ 16.36961608, 48.21091002 ], [ 16.36950336, 48.21083764 ], [ 16.36930512, 48.21070319 ], [ 16.36933162, 48.21066728 ], [ 16.3694602, 48.21074024 ], [ 16.3695985, 48.21082881 ], [ 16.36970144, 48.2108953 ], [ 16.36980679, 48.21099937 ], [ 16.36991112, 48.21115439 ], [ 16.36999552, 48.21130998 ], [ 16.36993637, 48.21132579 ] ] ] } },
{ "type": "Feature", "properties": { "id": "FUSSGEHERZONEOGD.1692337", "OBJECTID": 1692337, "ADRESSE": "1., Parisergasse", "ZEITRAUM": "Mo. - Sa. (werkt.) von 6 - 10.30 h", "AUSN_TEXT": "ausgen. Fahrräder, sowie Zufahrt zur Ladetätigkeit und Taxi", "WEBLINK1": "http://www.wien.gv.at/verkehr/verkehrssicherheit/massnahmen/index.html", "SE_ANNO_CAD_DATA": null }, "geometry": { "type": "Polygon", "coordinates": [ [ [ 16.36941947, 48.21154031 ], [ 16.36929194, 48.21138019 ], [ 16.36927687, 48.21138586 ], [ 16.36920455, 48.21128533 ], [ 16.36917302, 48.2112223 ], [ 16.36912168, 48.21108328 ], [ 16.3691872, 48.21110144 ], [ 16.36926257, 48.21122051 ], [ 16.36928914, 48.21120896 ], [ 16.36953031, 48.21149352 ], [ 16.36941947, 48.21154031 ] ] ] } },
{ "type": "Feature", "properties": { "id": "FUSSGEHERZONEOGD.1692338", "OBJECTID": 1692338, "ADRESSE": "1., Drahtgasse", "ZEITRAUM": "Mo. - Sa. (werkt.) von 6 - 10.30 h", "AUSN_TEXT": "ausgen. Fahrräder, sowie Zufahrt zur Ladetätigkeit und Taxi", "WEBLINK1": "http://www.wien.gv.at/verkehr/verkehrssicherheit/massnahmen/index.html", "SE_ANNO_CAD_DATA": null }, "geometry": { "type": "Polygon", "coordinates": [ [ [ 16.36909905, 48.21168065 ], [ 16.36893888, 48.2115946 ], [ 16.36887864, 48.21160009 ], [ 16.36875979, 48.2115969 ], [ 16.36860435, 48.21153514 ], [ 16.36868047, 48.21148639 ], [ 16.36869648, 48.21149628 ], [ 16.36885715, 48.21150658 ], [ 16.36887274, 48.21148895 ], [ 16.36901635, 48.21154367 ], [ 16.36919996, 48.21163219 ], [ 16.36909905, 48.21168065 ] ] ] } },
{ "type": "Feature", "properties": { "id": "FUSSGEHERZONEOGD.1692339", "OBJECTID": 1692339, "ADRESSE": "6., Königseggasse", "ZEITRAUM": null, "AUSN_TEXT": "ausgen. Fahrräder", "WEBLINK1": "http://www.wien.gv.at/verkehr/verkehrssicherheit/massnahmen/index.html", "SE_ANNO_CAD_DATA": null }, "geometry": { "type": "Polygon", "coordinates": [ [ [ 16.34926915, 48.19534682 ], [ 16.34924825, 48.19533634 ], [ 16.34922019, 48.19532225 ], [ 16.34919794, 48.19531108 ], [ 16.34919658, 48.1953121 ], [ 16.3490883, 48.19525805 ], [ 16.34909004, 48.19525632 ], [ 16.34909024, 48.19525612 ], [ 16.34908681, 48.19525445 ], [ 16.3490942, 48.1952476 ], [ 16.3490299, 48.19521631 ], [ 16.34902447, 48.19522139 ], [ 16.3490235, 48.19522229 ], [ 16.34902331, 48.19522247 ], [ 16.34901975, 48.19522501 ], [ 16.34900335, 48.19521712 ], [ 16.34900433, 48.19521656 ], [ 16.34899394, 48.19521125 ], [ 16.3489955, 48.19520973 ], [ 16.34894826, 48.19518618 ], [ 16.34894672, 48.19518766 ], [ 16.34894114, 48.19518521 ], [ 16.34891246, 48.19517085 ], [ 16.34891348, 48.19516976 ], [ 16.34889131, 48.19515872 ], [ 16.348888, 48.19515707 ], [ 16.34888679, 48.19515784 ], [ 16.34886594, 48.19514751 ], [ 16.34886703, 48.1951466 ], [ 16.34886329, 48.19514475 ], [ 16.34885408, 48.19514021 ], [ 16.34885095, 48.19513867 ], [ 16.34884117, 48.19513386 ], [ 16.34897593, 48.19502559 ], [ 16.34904671, 48.19506077 ], [ 16.34906733, 48.19507102 ], [ 16.34912561, 48.19509999 ], [ 16.34912541, 48.19510036 ], [ 16.34913233, 48.19510381 ], [ 16.34914935, 48.1951123 ], [ 16.34915617, 48.19511571 ], [ 16.34915658, 48.19511545 ], [ 16.34918054, 48.19512738 ], [ 16.34918208, 48.19512825 ], [ 16.34934462, 48.19520928 ], [ 16.34934841, 48.19521117 ], [ 16.34939271, 48.19523326 ], [ 16.34926915, 48.19534682 ] ] ] } },
{ "type": "Feature", "properties": { "id": "FUSSGEHERZONEOGD.1692340", "OBJECTID": 1692340, "ADRESSE": "1., Morzinplatz", "ZEITRAUM": null, "AUSN_TEXT": "ausgen. Zufahrt zu den genehmigten Stellplätzen und Fahrräder", "WEBLINK1": "http://www.wien.gv.at/verkehr/verkehrssicherheit/massnahmen/index.html", "SE_ANNO_CAD_DATA": null }, "geometry": { "type": "Polygon", "coordinates": [ [ [ 16.37424393, 48.21267405 ], [ 16.37415168, 48.21260194 ], [ 16.3745747, 48.21239819 ], [ 16.37454468, 48.21237248 ], [ 16.37468874, 48.21230427 ], [ 16.37470368, 48.21232171 ], [ 16.37474417, 48.21230236 ], [ 16.37485116, 48.2123953 ], [ 16.37471092, 48.21246713 ], [ 16.37467601, 48.2124839 ], [ 16.37424393, 48.21267405 ] ] ] } },
{ "type": "Feature", "properties": { "id": "FUSSGEHERZONEOGD.1692341", "OBJECTID": 1692341, "ADRESSE": "1., Franz-Josefs-Kai", "ZEITRAUM": "Mo. - Sa. (werkt.) von 6 - 10:30 h", "AUSN_TEXT": "ausgen. Mo. - Sa. (werkt.) v. 6 -10:30h die Zufahrt zur Ladetätigkeit sowie Fahrräder", "WEBLINK1": "http://www.wien.gv.at/verkehr/verkehrssicherheit/massnahmen/index.html", "SE_ANNO_CAD_DATA": null }, "geometry": { "type": "Polygon", "coordinates": [ [ [ 16.37485132, 48.21239522 ], [ 16.37474417, 48.21230236 ], [ 16.3747722, 48.21228318 ], [ 16.37490719, 48.21221687 ], [ 16.37491594, 48.21222325 ], [ 16.37507311, 48.21212109 ], [ 16.37516676, 48.21221518 ], [ 16.37514011, 48.21222845 ], [ 16.37500507, 48.21229571 ], [ 16.37502259, 48.21231224 ], [ 16.37485132, 48.21239522 ] ] ] } },
{ "type": "Feature", "properties": { "id": "FUSSGEHERZONEOGD.1692342", "OBJECTID": 1692342, "ADRESSE": "1., Ledererhof", "ZEITRAUM": null, "AUSN_TEXT": null, "WEBLINK1": "http://www.wien.gv.at/verkehr/verkehrssicherheit/massnahmen/index.html", "SE_ANNO_CAD_DATA": null }, "geometry": { "type": "Polygon", "coordinates": [ [ [ 16.36862546, 48.21195558 ], [ 16.36855551, 48.21190077 ], [ 16.3686094, 48.21189528 ], [ 16.36871206, 48.21186536 ], [ 16.36874284, 48.21181751 ], [ 16.36864965, 48.21172326 ], [ 16.36875979, 48.2115969 ], [ 16.36887362, 48.21160055 ], [ 16.36875647, 48.2116674 ], [ 16.36877147, 48.21177001 ], [ 16.36883812, 48.21183816 ], [ 16.36862546, 48.21195558 ] ] ] } },
{ "type": "Feature", "properties": { "id": "FUSSGEHERZONEOGD.1692343", "OBJECTID": 1692343, "ADRESSE": "2., Lessinggasse", "ZEITRAUM": null, "AUSN_TEXT": "ausgen. Fahrräder sowie die Zu- und Abfahrt zu den genehmigten Stellplätzen gestattet", "WEBLINK1": "http://www.wien.gv.at/verkehr/verkehrssicherheit/massnahmen/index.html", "SE_ANNO_CAD_DATA": null }, "geometry": { "type": "Polygon", "coordinates": [ [ [ 16.38317451, 48.22393002 ], [ 16.38312097, 48.22379584 ], [ 16.38460561, 48.22351682 ], [ 16.38465274, 48.22364815 ], [ 16.38317451, 48.22393002 ] ] ] } },
{ "type": "Feature", "properties": { "id": "FUSSGEHERZONEOGD.1692358", "OBJECTID": 1692358, "ADRESSE": "1., Ballgasse", "ZEITRAUM": null, "AUSN_TEXT": null, "WEBLINK1": "http://www.wien.gv.at/verkehr/verkehrssicherheit/massnahmen/index.html", "SE_ANNO_CAD_DATA": null }, "geometry": { "type": "Polygon", "coordinates": [ [ [ 16.37332339, 48.20625186 ], [ 16.37327286, 48.20626169 ], [ 16.37325319, 48.20621874 ], [ 16.37343824, 48.20618377 ], [ 16.37355284, 48.2061226 ], [ 16.37368788, 48.20603682 ], [ 16.37387892, 48.20601486 ], [ 16.37391713, 48.20601119 ], [ 16.37396628, 48.20603216 ], [ 16.37419296, 48.20623369 ], [ 16.3741725, 48.20625286 ], [ 16.37392535, 48.20604951 ], [ 16.37373975, 48.2060669 ], [ 16.37346666, 48.20622353 ], [ 16.37332339, 48.20625186 ] ] ] } },
{ "type": "Feature", "properties": { "id": "FUSSGEHERZONEOGD.1692359", "OBJECTID": 1692359, "ADRESSE": "1., Blumenstockgasse", "ZEITRAUM": "(werkt.) von 6-10.30h", "AUSN_TEXT": "ausgen. (werkt.) von 6-10:30h Zufahrt zur Ladetätigkeit und die Zufahrt zur Garage", "WEBLINK1": "http://www.wien.gv.at/verkehr/verkehrssicherheit/massnahmen/index.html", "SE_ANNO_CAD_DATA": null }, "geometry": { "type": "Polygon", "coordinates": [ [ [ 16.3732322, 48.2062696 ], [ 16.37327372, 48.20626153 ], [ 16.3733261, 48.20625132 ], [ 16.3732764, 48.20647937 ], [ 16.37312508, 48.20651998 ], [ 16.37288295, 48.20667228 ], [ 16.37282974, 48.20661758 ], [ 16.37293591, 48.20659447 ], [ 16.3729628, 48.20658554 ], [ 16.37315498, 48.20646405 ], [ 16.37322887, 48.20633435 ], [ 16.37324981, 48.20633101 ], [ 16.37325515, 48.20631934 ], [ 16.3732322, 48.2062696 ] ] ] } },
{ "type": "Feature", "properties": { "id": "FUSSGEHERZONEOGD.1692360", "OBJECTID": 1692360, "ADRESSE": "1., Kärntner Straße", "ZEITRAUM": "Mo .- Sa. (werkt.) v. 6-10:30h", "AUSN_TEXT": "ausgen. Mo. - Sa. (werkt.) v. 6 -10:30h Zufahrt zur Ladetätigkeit mit Fahrzeugen bis 18t höchstzul. Gesamtgewicht und Taxi zum Aus- und Einsteigen", "WEBLINK1": "http://www.wien.gv.at/verkehr/verkehrssicherheit/massnahmen/index.html", "SE_ANNO_CAD_DATA": null }, "geometry": { "type": "Polygon", "coordinates": [ [ [ 16.37166961, 48.20673469 ], [ 16.37170411, 48.20689942 ], [ 16.3717441, 48.20710022 ], [ 16.37151257, 48.20717682 ], [ 16.37150045, 48.20711967 ], [ 16.37144153, 48.20682211 ], [ 16.37142674, 48.20675405 ], [ 16.37166961, 48.20673469 ] ] ] } },
{ "type": "Feature", "properties": { "id": "FUSSGEHERZONEOGD.1692361", "OBJECTID": 1692361, "ADRESSE": "1., Kärntner Straße", "ZEITRAUM": "Mo .- Sa. (werkt.) v. 6-10:30h", "AUSN_TEXT": "ausgen. Mo. - Sa. (werkt.) v. 6 -10:30h Zufahrt zur Ladetätigkeit mit Fahrzeugen bis 18t höchstzul. Gesamtgewicht und Taxi zum Aus- und Einsteigen", "WEBLINK1": "http://www.wien.gv.at/verkehr/verkehrssicherheit/massnahmen/index.html", "SE_ANNO_CAD_DATA": null }, "geometry": { "type": "Polygon", "coordinates": [ [ [ 16.37150124, 48.20595296 ], [ 16.37152547, 48.20600315 ], [ 16.3715408, 48.2060704 ], [ 16.37161891, 48.20649261 ], [ 16.37166961, 48.20673469 ], [ 16.37142674, 48.20675405 ], [ 16.37141297, 48.20669067 ], [ 16.3712812, 48.20607296 ], [ 16.37125778, 48.20600729 ], [ 16.37150124, 48.20595296 ] ] ] } },
{ "type": "Feature", "properties": { "id": "FUSSGEHERZONEOGD.1692362", "OBJECTID": 1692362, "ADRESSE": "1., Kärntner Straße", "ZEITRAUM": "Mo .- Sa. (werkt.) v. 6-10:30h", "AUSN_TEXT": "ausgen. Mo. - Sa. (werkt.) v. 6 -10:30h Zufahrt zur Ladetätigkeit mit Fahrzeugen bis 18t höchstzul. Gesamtgewicht und Taxi zum Aus- und Einsteigen", "WEBLINK1": "http://www.wien.gv.at/verkehr/verkehrssicherheit/massnahmen/index.html", "SE_ANNO_CAD_DATA": null }, "geometry": { "type": "Polygon", "coordinates": [ [ [ 16.37117335, 48.20530778 ], [ 16.37119416, 48.20534634 ], [ 16.37147906, 48.205907 ], [ 16.37150124, 48.20595296 ], [ 16.37125778, 48.20600729 ], [ 16.37123478, 48.20594282 ], [ 16.37095581, 48.20540784 ], [ 16.37093553, 48.20536324 ], [ 16.37117335, 48.20530778 ] ] ] } },
{ "type": "Feature", "properties": { "id": "FUSSGEHERZONEOGD.1692363", "OBJECTID": 1692363, "ADRESSE": "1., Kärntner Straße", "ZEITRAUM": "Mo .- Sa. (werkt.) v. 6-10:30h", "AUSN_TEXT": "ausgen. Mo. - Sa. (werkt.) v. 6 -10:30h Zufahrt zur Ladetätigkeit mit Fahrzeugen bis 18t höchstzul. Gesamtgewicht und Taxi zum Aus- und Einsteigen", "WEBLINK1": "http://www.wien.gv.at/verkehr/verkehrssicherheit/massnahmen/index.html", "SE_ANNO_CAD_DATA": null }, "geometry": { "type": "Polygon", "coordinates": [ [ [ 16.37085051, 48.20463089 ], [ 16.37086893, 48.20466592 ], [ 16.37115721, 48.2052779 ], [ 16.37117335, 48.20530778 ], [ 16.37093532, 48.20536278 ], [ 16.37089709, 48.2052787 ], [ 16.37064581, 48.20473714 ], [ 16.37062003, 48.20468353 ], [ 16.37085051, 48.20463089 ] ] ] } },
{ "type": "Feature", "properties": { "id": "FUSSGEHERZONEOGD.1692364", "OBJECTID": 1692364, "ADRESSE": "1., Kärntner Straße", "ZEITRAUM": "Mo .- Sa. (werkt.) v. 6-10:30h", "AUSN_TEXT": "ausgen. Mo. - Sa. (werkt.) v. 6 -10:30h Zufahrt zur Ladetätigkeit mit Fahrzeugen bis 18t höchstzul. Gesamtgewicht und Taxi zum Aus- und Einsteigen", "WEBLINK1": "http://www.wien.gv.at/verkehr/verkehrssicherheit/massnahmen/index.html", "SE_ANNO_CAD_DATA": null }, "geometry": { "type": "Polygon", "coordinates": [ [ [ 16.3706137, 48.20413373 ], [ 16.37038056, 48.20418576 ], [ 16.37035043, 48.20412195 ], [ 16.37018478, 48.20378632 ], [ 16.37038505, 48.20365319 ], [ 16.37058557, 48.20407309 ], [ 16.3706137, 48.20413373 ] ] ] } },
{ "type": "Feature", "properties": { "id": "FUSSGEHERZONEOGD.1692365", "OBJECTID": 1692365, "ADRESSE": "15., Roland-Rainer-Platz", "ZEITRAUM": null, "AUSN_TEXT": "ausgen. Fahrräder, sowie Ladetätigkeit mit gültiger Wagenkarte", "WEBLINK1": "http://www.wien.gv.at/verkehr/verkehrssicherheit/massnahmen/index.html", "SE_ANNO_CAD_DATA": null }, "geometry": { "type": "Polygon", "coordinates": [ [ [ 16.33416495, 48.20126776 ], [ 16.33410511, 48.20246416 ], [ 16.33409941, 48.20250603 ], [ 16.33406524, 48.20250508 ], [ 16.33403961, 48.20250889 ], [ 16.33400259, 48.2025146 ], [ 16.333967, 48.20253839 ], [ 16.33394707, 48.20257266 ], [ 16.33393425, 48.20261549 ], [ 16.33390505, 48.20293814 ], [ 16.33374131, 48.20292386 ], [ 16.33387309, 48.20119637 ], [ 16.33416495, 48.20126776 ] ] ] } },
{ "type": "Feature", "properties": { "id": "FUSSGEHERZONEOGD.1692366", "OBJECTID": 1692366, "ADRESSE": "1., Stephansplatz", "ZEITRAUM": "Mo .- Sa. (werkt.) v. 6-10:30h", "AUSN_TEXT": "ausgen. Mo. - Sa. (werkt.) v. 6 -10:30h Zufahrt zur Ladetätigkeit mit Fahrzeugen bis 18t höchstzul. Gesamtgewicht und Taxi zum Aus- und Einsteigen", "WEBLINK1": "http://www.wien.gv.at/verkehr/verkehrssicherheit/massnahmen/index.html", "SE_ANNO_CAD_DATA": null }, "geometry": { "type": "Polygon", "coordinates": [ [ [ 16.37390864, 48.20831261 ], [ 16.37390968, 48.20831216 ], [ 16.37390995, 48.20830785 ], [ 16.37390829, 48.20830609 ], [ 16.3738165, 48.20820904 ], [ 16.37381607, 48.20820735 ], [ 16.37381566, 48.20820569 ], [ 16.3738153, 48.20820532 ], [ 16.37381579, 48.20820706 ], [ 16.37381032, 48.20820155 ], [ 16.37380794, 48.20820182 ], [ 16.37380718, 48.20820108 ], [ 16.37379423, 48.20820334 ], [ 16.37378795, 48.20820404 ], [ 16.37377919, 48.20819539 ], [ 16.37375376, 48.20817031 ], [ 16.37375495, 48.20816917 ], [ 16.3737646, 48.20815984 ], [ 16.37376667, 48.20815784 ], [ 16.37376682, 48.2081577 ], [ 16.37376709, 48.20815744 ], [ 16.3737677, 48.20815637 ], [ 16.37376776, 48.20815627 ], [ 16.37375543, 48.20815101 ], [ 16.37374091, 48.20816419 ], [ 16.3737406, 48.20816416 ], [ 16.37374019, 48.20816455 ], [ 16.37368044, 48.20815765 ], [ 16.37367347, 48.2081376 ], [ 16.37362819, 48.2080904 ], [ 16.37356093, 48.20811236 ], [ 16.37354763, 48.20812702 ], [ 16.37354022, 48.20812289 ], [ 16.37353103, 48.20812177 ], [ 16.3735012, 48.20811814 ], [ 16.37350129, 48.20812013 ], [ 16.3735003, 48.20812008 ], [ 16.37349347, 48.20812008 ], [ 16.3734908, 48.20811518 ], [ 16.3734872, 48.20810204 ], [ 16.37347159, 48.20810457 ], [ 16.37347189, 48.20810565 ], [ 16.37347201, 48.20810603 ], [ 16.3734724, 48.20810744 ], [ 16.37347146, 48.2081078 ], [ 16.37347152, 48.20810801 ], [ 16.37347456, 48.20811787 ], [ 16.37347493, 48.20811791 ], [ 16.37347564, 48.20811796 ], [ 16.37347645, 48.2081194 ], [ 16.37343341, 48.20813947 ], [ 16.37343272, 48.20813881 ], [ 16.37342521, 48.20813161 ], [ 16.37341954, 48.20812617 ], [ 16.37340663, 48.20813229 ], [ 16.37340728, 48.2081329 ], [ 16.37341045, 48.20813585 ], [ 16.37341273, 48.20813797 ], [ 16.37342185, 48.20814647 ], [ 16.37337118, 48.20817006 ], [ 16.3733651, 48.20816428 ], [ 16.37336383, 48.20816289 ], [ 16.37335123, 48.20814903 ], [ 16.37334975, 48.20814969 ], [ 16.37333389, 48.20815674 ], [ 16.37332767, 48.20814212 ], [ 16.37332745, 48.2081416 ], [ 16.37332698, 48.2081405 ], [ 16.37332642, 48.20814022 ], [ 16.3733259, 48.20813997 ], [ 16.37327965, 48.20814912 ], [ 16.37326147, 48.20815271 ], [ 16.37315811, 48.20795747 ], [ 16.37320978, 48.2079336 ], [ 16.3736049, 48.20803261 ], [ 16.3738646, 48.20793267 ], [ 16.37402998, 48.20814755 ], [ 16.37414549, 48.20829839 ], [ 16.37420071, 48.20836805 ], [ 16.37401156, 48.20842198 ], [ 16.37400859, 48.20842286 ], [ 16.37390864, 48.20831261 ] ] ] } },
{ "type": "Feature", "properties": { "id": "FUSSGEHERZONEOGD.1692367", "OBJECTID": 1692367, "ADRESSE": "1., Schwedenplatz", "ZEITRAUM": "Mo. - Sa. (werkt.) von 6 - 10:30 h", "AUSN_TEXT": "ausgen. Mo.- Sa. (werkt.) von 6-10:30h die Zufahrt zur Ladetätigkeit", "WEBLINK1": "http://www.wien.gv.at/verkehr/verkehrssicherheit/massnahmen/index.html", "SE_ANNO_CAD_DATA": null }, "geometry": { "type": "Polygon", "coordinates": [ [ [ 16.37799474, 48.21130445 ], [ 16.37835407, 48.21125975 ], [ 16.37845187, 48.21136411 ], [ 16.37849607, 48.21147272 ], [ 16.37809575, 48.21154788 ], [ 16.37799474, 48.21130445 ] ] ] } },
{ "type": "Feature", "properties": { "id": "FUSSGEHERZONEOGD.1692368", "OBJECTID": 1692368, "ADRESSE": "5., Bereich Pannaschgasse", "ZEITRAUM": null, "AUSN_TEXT": null, "WEBLINK1": "http://www.wien.gv.at/verkehr/verkehrssicherheit/massnahmen/index.html", "SE_ANNO_CAD_DATA": null }, "geometry": { "type": "Polygon", "coordinates": [ [ [ 16.35431333, 48.18875962 ], [ 16.35478055, 48.18834738 ], [ 16.35495463, 48.1884195 ], [ 16.35447731, 48.18883972 ], [ 16.35431333, 48.18875962 ] ] ] } },
{ "type": "Feature", "properties": { "id": "FUSSGEHERZONEOGD.1692462", "OBJECTID": 1692462, "ADRESSE": "7., Zollergasse", "ZEITRAUM": "Mo. - Sa. (werkt.) v. 6 - 13.00h", "AUSN_TEXT": "ausgen. die Zufahrt zur Ladetätigkeit, Taxi und Behindertentransporte zum Aus- u. Einsteigen sowie ausgen. Fahrräder", "WEBLINK1": "http://www.wien.gv.at/verkehr/verkehrssicherheit/massnahmen/index.html", "SE_ANNO_CAD_DATA": null }, "geometry": { "type": "Polygon", "coordinates": [ [ [ 16.35122756, 48.19893072 ], [ 16.35138304, 48.1989791 ], [ 16.35124862, 48.19918324 ], [ 16.35112165, 48.19937569 ], [ 16.35096082, 48.19932604 ], [ 16.35108849, 48.199137 ], [ 16.35122756, 48.19893072 ] ] ] } },
{ "type": "Feature", "properties": { "id": "FUSSGEHERZONEOGD.1692463", "OBJECTID": 1692463, "ADRESSE": "10., Favoritenstraße", "ZEITRAUM": "Mo. - Sa. (werkt.) von 6 - 10:30 h", "AUSN_TEXT": "ausgen. Mo.- Sa. (werkt.) von 6-10:30h die Zufahrt zur Ladetätigkeit, Taxi zum Aus- und Einsteigen und Kraftfahrzeuge der Handelsvertreter sowie Fahrräder", "WEBLINK1": "http://www.wien.gv.at/verkehr/verkehrssicherheit/massnahmen/index.html", "SE_ANNO_CAD_DATA": null }, "geometry": { "type": "Polygon", "coordinates": [ [ [ 16.37412641, 48.18399051 ], [ 16.3742919, 48.1835749 ], [ 16.37457247, 48.18359826 ], [ 16.37441069, 48.18400427 ], [ 16.37412641, 48.18399051 ] ] ] } },
{ "type": "Feature", "properties": { "id": "FUSSGEHERZONEOGD.1692464", "OBJECTID": 1692464, "ADRESSE": "9., Ari-Rath-Platz", "ZEITRAUM": "Mo. - Sa. (werkt.) von 9 - 11:00h", "AUSN_TEXT": "ausgen. Ladetätigkeit mit Lastfahrzeugen", "WEBLINK1": "http://www.wien.gv.at/verkehr/verkehrssicherheit/massnahmen/index.html", "SE_ANNO_CAD_DATA": null }, "geometry": { "type": "Polygon", "coordinates": [ [ [ 16.35959817, 48.22174414 ], [ 16.3596051, 48.22173669 ], [ 16.35965038, 48.22168799 ], [ 16.35966486, 48.22167248 ], [ 16.3596764, 48.22166013 ], [ 16.35981935, 48.22150707 ], [ 16.35988383, 48.22143809 ], [ 16.35989558, 48.22142551 ], [ 16.35989781, 48.22142312 ], [ 16.36000883, 48.22130434 ], [ 16.36008777, 48.22121982 ], [ 16.36009244, 48.22121482 ], [ 16.36016491, 48.22113723 ], [ 16.36016857, 48.22113309 ], [ 16.36022464, 48.22115745 ], [ 16.36020001, 48.22118353 ], [ 16.36019079, 48.22119324 ], [ 16.36017971, 48.22120491 ], [ 16.36017302, 48.22121193 ], [ 16.36017389, 48.22121255 ], [ 16.36015438, 48.22123355 ], [ 16.36014841, 48.22123996 ], [ 16.36012433, 48.22126588 ], [ 16.36012318, 48.22126711 ], [ 16.36011481, 48.22127608 ], [ 16.36007138, 48.2213225 ], [ 16.36005043, 48.22134489 ], [ 16.36004576, 48.22134993 ], [ 16.35999566, 48.22140399 ], [ 16.35994661, 48.22145693 ], [ 16.35992262, 48.22148283 ], [ 16.35992025, 48.22148538 ], [ 16.3599201, 48.22148546 ], [ 16.35991861, 48.2214864 ], [ 16.35991725, 48.22148742 ], [ 16.35991016, 48.22149503 ], [ 16.35989155, 48.22151499 ], [ 16.3598725, 48.22153542 ], [ 16.3598618, 48.22154689 ], [ 16.35982584, 48.22158545 ], [ 16.35982304, 48.22158846 ], [ 16.3598193, 48.22159246 ], [ 16.35980296, 48.2216101 ], [ 16.3597044, 48.22171464 ], [ 16.35967153, 48.2217498 ], [ 16.35959817, 48.22174414 ] ] ] } },
{ "type": "Feature", "properties": { "id": "FUSSGEHERZONEOGD.1692465", "OBJECTID": 1692465, "ADRESSE": "16., Weinheimergasse", "ZEITRAUM": "(werkt.) von 6-10.30h u. v. 15-17h", "AUSN_TEXT": "ausgen. die Zufahrt zur Ladetätigkeit und Taxi zum Aus- und Einsteigen sowie Zufahrt zu den genehmigten Stellplätzen", "WEBLINK1": "http://www.wien.gv.at/verkehr/verkehrssicherheit/massnahmen/index.html", "SE_ANNO_CAD_DATA": null }, "geometry": { "type": "Polygon", "coordinates": [ [ [ 16.31146265, 48.21323797 ], [ 16.31131297, 48.21319406 ], [ 16.31129065, 48.21318879 ], [ 16.31135768, 48.21307821 ], [ 16.31141157, 48.21296588 ], [ 16.31147468, 48.21280353 ], [ 16.31147732, 48.21276754 ], [ 16.31168088, 48.21273687 ], [ 16.31167561, 48.21275969 ], [ 16.31167693, 48.21276759 ], [ 16.31165982, 48.21283166 ], [ 16.31161907, 48.21293872 ], [ 16.3115678, 48.21305281 ], [ 16.31150208, 48.21317392 ], [ 16.31146265, 48.21323886 ], [ 16.31146265, 48.21323797 ] ] ] } },
{ "type": "Feature", "properties": { "id": "FUSSGEHERZONEOGD.1692466", "OBJECTID": 1692466, "ADRESSE": "7., Schrankgasse", "ZEITRAUM": "(werkt.) von 7.30-12h", "AUSN_TEXT": "ausgen. Zufahrt zur Ladetätigkeit werktags von 7.30-12h sowie Taxi v 0-24h zum Aus und Einsteigen", "WEBLINK1": "http://www.wien.gv.at/verkehr/verkehrssicherheit/massnahmen/index.html", "SE_ANNO_CAD_DATA": null }, "geometry": { "type": "Polygon", "coordinates": [ [ [ 16.35455876, 48.20383778 ], [ 16.35443447, 48.20382366 ], [ 16.35445559, 48.20372996 ], [ 16.35452435, 48.20373526 ], [ 16.35457714, 48.20347715 ], [ 16.35450839, 48.20347186 ], [ 16.35454006, 48.20330745 ], [ 16.35457971, 48.20325972 ], [ 16.35464319, 48.20326855 ], [ 16.35468807, 48.20308469 ], [ 16.35463253, 48.20307762 ], [ 16.3546616, 48.20298923 ], [ 16.35438657, 48.20295746 ], [ 16.35443148, 48.20287436 ], [ 16.35451347, 48.20288142 ], [ 16.35450819, 48.2029044 ], [ 16.35480174, 48.20295031 ], [ 16.35461159, 48.20366629 ], [ 16.35459572, 48.2036663 ], [ 16.35459837, 48.20366807 ], [ 16.35455876, 48.20383778 ] ] ] } },
{ "type": "Feature", "properties": { "id": "FUSSGEHERZONEOGD.1692467", "OBJECTID": 1692467, "ADRESSE": "14., Märzsstraße", "ZEITRAUM": null, "AUSN_TEXT": "ausgen. Fahrräder", "WEBLINK1": "http://www.wien.gv.at/verkehr/verkehrssicherheit/massnahmen/index.html", "SE_ANNO_CAD_DATA": null }, "geometry": { "type": "Polygon", "coordinates": [ [ [ 16.30249669, 48.19659315 ], [ 16.30252486, 48.19642362 ], [ 16.30260141, 48.19642947 ], [ 16.30272121, 48.19643888 ], [ 16.30273912, 48.19644028 ], [ 16.30274866, 48.19644103 ], [ 16.30279452, 48.19644464 ], [ 16.30281414, 48.19644612 ], [ 16.30295566, 48.19645683 ], [ 16.30298007, 48.1964588 ], [ 16.30321881, 48.19647724 ], [ 16.30324581, 48.19647933 ], [ 16.30325164, 48.19647979 ], [ 16.30325745, 48.19648027 ], [ 16.30326325, 48.19648078 ], [ 16.30326906, 48.19648132 ], [ 16.30327485, 48.19648189 ], [ 16.30328064, 48.19648247 ], [ 16.30328642, 48.1964831 ], [ 16.30329221, 48.19648374 ], [ 16.30329798, 48.19648441 ], [ 16.30330029, 48.19648469 ], [ 16.30330375, 48.19648511 ], [ 16.3033095, 48.19648584 ], [ 16.30331525, 48.19648659 ], [ 16.3033165, 48.19648675 ], [ 16.30333356, 48.19648916 ], [ 16.30333886, 48.19648996 ], [ 16.30334527, 48.19649095 ], [ 16.30335166, 48.19649197 ], [ 16.30335803, 48.19649304 ], [ 16.30336439, 48.19649413 ], [ 16.30337075, 48.19649525 ], [ 16.30337709, 48.19649641 ], [ 16.30338342, 48.19649759 ], [ 16.30338973, 48.19649882 ], [ 16.30339603, 48.19650008 ], [ 16.30340231, 48.19650136 ], [ 16.30340859, 48.19650268 ], [ 16.30341484, 48.19650403 ], [ 16.30342107, 48.19650542 ], [ 16.3034273, 48.19650683 ], [ 16.30342929, 48.19650744 ], [ 16.30343137, 48.1965079 ], [ 16.30343351, 48.19650822 ], [ 16.30343441, 48.1965083 ], [ 16.30349192, 48.19651817 ], [ 16.30349316, 48.19651932 ], [ 16.30349461, 48.19652035 ], [ 16.30349625, 48.19652126 ], [ 16.30349805, 48.19652201 ], [ 16.30349999, 48.1965226 ], [ 16.30350202, 48.19652303 ], [ 16.30350452, 48.19652339 ], [ 16.30350704, 48.19652376 ], [ 16.30350954, 48.1965241 ], [ 16.30351206, 48.19652444 ], [ 16.30351458, 48.19652476 ], [ 16.3035171, 48.19652507 ], [ 16.30351963, 48.19652537 ], [ 16.30352216, 48.19652566 ], [ 16.30352469, 48.19652594 ], [ 16.30352721, 48.1965262 ], [ 16.30352976, 48.19652645 ], [ 16.3035323, 48.19652669 ], [ 16.30353484, 48.19652692 ], [ 16.30353738, 48.19652714 ], [ 16.30353993, 48.19652734 ], [ 16.30354387, 48.19652764 ], [ 16.30354779, 48.1965279 ], [ 16.30355174, 48.19652814 ], [ 16.30355569, 48.19652835 ], [ 16.30355963, 48.19652853 ], [ 16.30356359, 48.19652868 ], [ 16.30356754, 48.1965288 ], [ 16.30357149, 48.1965289 ], [ 16.30357546, 48.19652896 ], [ 16.30357942, 48.196529 ], [ 16.30358337, 48.19652901 ], [ 16.30358734, 48.19652899 ], [ 16.3035913, 48.19652894 ], [ 16.30359525, 48.19652887 ], [ 16.3035992, 48.19652876 ], [ 16.30360141, 48.19652874 ], [ 16.3037169, 48.19653741 ], [ 16.30371173, 48.19658671 ], [ 16.3037068, 48.19665006 ], [ 16.30370784, 48.19668653 ], [ 16.30364088, 48.19668198 ], [ 16.30364087, 48.19668194 ], [ 16.30355997, 48.1966758 ], [ 16.30355052, 48.19667508 ], [ 16.30354893, 48.19667496 ], [ 16.30354796, 48.19667489 ], [ 16.30348852, 48.19667038 ], [ 16.30345268, 48.19666766 ], [ 16.30345257, 48.19666765 ], [ 16.30344957, 48.19666742 ], [ 16.30343173, 48.19666608 ], [ 16.30343165, 48.19666606 ], [ 16.30340591, 48.19666411 ], [ 16.30338573, 48.19666258 ], [ 16.30337493, 48.19666176 ], [ 16.3033595, 48.19666059 ], [ 16.30335061, 48.19665991 ], [ 16.30335061, 48.19666054 ], [ 16.30334886, 48.19666045 ], [ 16.30334886, 48.19665928 ], [ 16.30332505, 48.19665746 ], [ 16.30321462, 48.19664899 ], [ 16.30321354, 48.1966552 ], [ 16.30310634, 48.19664572 ], [ 16.30310634, 48.19664509 ], [ 16.30306783, 48.19664225 ], [ 16.30306356, 48.19664256 ], [ 16.30298716, 48.19663664 ], [ 16.30295313, 48.196634 ], [ 16.30293901, 48.19663291 ], [ 16.30290499, 48.19663027 ], [ 16.30289086, 48.19662917 ], [ 16.30285696, 48.19662654 ], [ 16.30284699, 48.19662577 ], [ 16.30284394, 48.19662553 ], [ 16.3027807, 48.19662063 ], [ 16.30278083, 48.19661991 ], [ 16.30273779, 48.19661657 ], [ 16.30273765, 48.19661711 ], [ 16.30263005, 48.19660871 ], [ 16.30263072, 48.19660341 ], [ 16.30250708, 48.19659346 ], [ 16.30249669, 48.19659315 ] ] ] } },
{ "type": "Feature", "properties": { "id": "FUSSGEHERZONEOGD.1692468", "OBJECTID": 1692468, "ADRESSE": "7., Spittelberggasse", "ZEITRAUM": "(werkt.) von 6-13h", "AUSN_TEXT": "ausgen. Zufahrt zur Ladetätigkeit", "WEBLINK1": "http://www.wien.gv.at/verkehr/verkehrssicherheit/massnahmen/index.html", "SE_ANNO_CAD_DATA": null }, "geometry": { "type": "Polygon", "coordinates": [ [ [ 16.35533749, 48.20317091 ], [ 16.3552541, 48.20339999 ], [ 16.3551839, 48.20365549 ], [ 16.35515318, 48.20374066 ], [ 16.35512687, 48.20384933 ], [ 16.35506545, 48.20409308 ], [ 16.35498638, 48.20408429 ], [ 16.3551311, 48.20340881 ], [ 16.35519255, 48.20326784 ], [ 16.355254, 48.20311219 ], [ 16.35538242, 48.20275299 ], [ 16.35551801, 48.2027762 ], [ 16.35547795, 48.20287134 ], [ 16.35541652, 48.20308279 ], [ 16.355377, 48.20307692 ], [ 16.35533749, 48.20317091 ] ] ] } },
{ "type": "Feature", "properties": { "id": "FUSSGEHERZONEOGD.1692469", "OBJECTID": 1692469, "ADRESSE": "18., Kutschkergasse", "ZEITRAUM": "v. 19-6h So. u. Feiertag ganztägig", "AUSN_TEXT": "ausgen. Fahrräder", "WEBLINK1": "http://www.wien.gv.at/verkehr/verkehrssicherheit/massnahmen/index.html", "SE_ANNO_CAD_DATA": null }, "geometry": { "type": "Polygon", "coordinates": [ [ [ 16.34430449, 48.22465392 ], [ 16.34450248, 48.22461709 ], [ 16.34458475, 48.22487472 ], [ 16.34436986, 48.22488894 ], [ 16.34438068, 48.22487911 ], [ 16.34430449, 48.22465392 ] ] ] } },
{ "type": "Feature", "properties": { "id": "FUSSGEHERZONEOGD.1692470", "OBJECTID": 1692470, "ADRESSE": "18., Schulgasse", "ZEITRAUM": "v. 19-6h So. u. Feiertag ganztägig", "AUSN_TEXT": "ausgen. Fahrräder", "WEBLINK1": "http://www.wien.gv.at/verkehr/verkehrssicherheit/massnahmen/index.html", "SE_ANNO_CAD_DATA": null }, "geometry": { "type": "Polygon", "coordinates": [ [ [ 16.34417556, 48.22504157 ], [ 16.34415212, 48.22490334 ], [ 16.34469151, 48.22486766 ], [ 16.34471206, 48.22499936 ], [ 16.34417801, 48.22504138 ], [ 16.34417625, 48.22504151 ], [ 16.34417556, 48.22504157 ] ] ] } },
{ "type": "Feature", "properties": { "id": "FUSSGEHERZONEOGD.1692471", "OBJECTID": 1692471, "ADRESSE": "10., Columbusplatz", "ZEITRAUM": null, "AUSN_TEXT": "ausgen. Fahrräder", "WEBLINK1": "http://www.wien.gv.at/verkehr/verkehrssicherheit/massnahmen/index.html", "SE_ANNO_CAD_DATA": null }, "geometry": { "type": "Polygon", "coordinates": [ [ [ 16.37478218, 48.18232213 ], [ 16.37476519, 48.18229782 ], [ 16.37389726, 48.18227541 ], [ 16.37390417, 48.18177605 ], [ 16.37434454, 48.18177925 ], [ 16.37455085, 48.18178076 ], [ 16.374973, 48.18178353 ], [ 16.37501464, 48.18176221 ], [ 16.37478218, 48.18232213 ] ] ] } },
{ "type": "Feature", "properties": { "id": "FUSSGEHERZONEOGD.1692472", "OBJECTID": 1692472, "ADRESSE": "14., Goldschlagstraße 137", "ZEITRAUM": null, "AUSN_TEXT": "ausgenommen Fahrräder sowie Zufahrt zu den genehmigten Stellplätzen", "WEBLINK1": "http://www.wien.gv.at/verkehr/verkehrssicherheit/massnahmen/index.html", "SE_ANNO_CAD_DATA": null }, "geometry": { "type": "Polygon", "coordinates": [ [ [ 16.31175435, 48.19578643 ], [ 16.31091191, 48.1958513 ], [ 16.31088482, 48.19568173 ], [ 16.31173583, 48.19561626 ], [ 16.31175435, 48.19578643 ] ] ] } },
{ "type": "Feature", "properties": { "id": "FUSSGEHERZONEOGD.1692473", "OBJECTID": 1692473, "ADRESSE": "9., Währinger Gürtel", "ZEITRAUM": "von 8-17h", "AUSN_TEXT": "ausgen. Fahrräder sowie Zufahrt zur Ladetätigkeit zu den genehmigten Garagenplätzen", "WEBLINK1": "http://www.wien.gv.at/verkehr/verkehrssicherheit/massnahmen/index.html", "SE_ANNO_CAD_DATA": null }, "geometry": { "type": "Polygon", "coordinates": [ [ [ 16.35058518, 48.22974149 ], [ 16.35049555, 48.22974985 ], [ 16.35037577, 48.22921461 ], [ 16.35046757, 48.22920534 ], [ 16.35058518, 48.22974009 ], [ 16.35058518, 48.22974149 ] ] ] } },
{ "type": "Feature", "properties": { "id": "FUSSGEHERZONEOGD.1692474", "OBJECTID": 1692474, "ADRESSE": "10., Viktor-Adler-Platz 1", "ZEITRAUM": null, "AUSN_TEXT": null, "WEBLINK1": "http://www.wien.gv.at/verkehr/verkehrssicherheit/massnahmen/index.html", "SE_ANNO_CAD_DATA": null }, "geometry": { "type": "Polygon", "coordinates": [ [ [ 16.37716179, 48.17643434 ], [ 16.37651924, 48.17647329 ], [ 16.37651625, 48.1763552 ], [ 16.37654232, 48.17636874 ], [ 16.37715882, 48.17632981 ], [ 16.37718487, 48.17632399 ], [ 16.37720222, 48.17631236 ], [ 16.37716179, 48.17643434 ] ] ] } },
{ "type": "Feature", "properties": { "id": "FUSSGEHERZONEOGD.1692475", "OBJECTID": 1692475, "ADRESSE": "10., Elisabeth-Sundt-Platz", "ZEITRAUM": null, "AUSN_TEXT": "ausgen. Fahrräder", "WEBLINK1": "http://www.wien.gv.at/verkehr/verkehrssicherheit/massnahmen/index.html", "SE_ANNO_CAD_DATA": null }, "geometry": { "type": "Polygon", "coordinates": [ [ [ 16.37283593, 48.1818809 ], [ 16.37288867, 48.18200775 ], [ 16.37301283, 48.18201069 ], [ 16.37316087, 48.18201419 ], [ 16.3731716, 48.18201445 ], [ 16.37319916, 48.1820151 ], [ 16.37333238, 48.18201826 ], [ 16.37337013, 48.18201915 ], [ 16.3733817, 48.18201943 ], [ 16.37338796, 48.18201958 ], [ 16.37339388, 48.18201972 ], [ 16.37339989, 48.18201986 ], [ 16.37340149, 48.1820199 ], [ 16.37340041, 48.18204044 ], [ 16.37339857, 48.18207546 ], [ 16.37339618, 48.18212099 ], [ 16.37339572, 48.18212971 ], [ 16.37339495, 48.18214443 ], [ 16.37339434, 48.18215604 ], [ 16.37339345, 48.18217425 ], [ 16.37339315, 48.18222583 ], [ 16.37339295, 48.18225916 ], [ 16.37339289, 48.18226919 ], [ 16.3733928, 48.18228418 ], [ 16.37339272, 48.18232564 ], [ 16.37313987, 48.18231966 ], [ 16.37280357, 48.18231169 ], [ 16.37269311, 48.18227856 ], [ 16.37274724, 48.18220257 ], [ 16.3726359, 48.18216715 ], [ 16.37256529, 48.18214469 ], [ 16.3724961, 48.18212269 ], [ 16.37254348, 48.18205612 ], [ 16.3726499, 48.18190662 ], [ 16.37283593, 48.1818809 ] ] ] } },
{ "type": "Feature", "properties": { "id": "FUSSGEHERZONEOGD.1692476", "OBJECTID": 1692476, "ADRESSE": "10., Elisabeth-Schilder-Gasse", "ZEITRAUM": null, "AUSN_TEXT": "ausgen. Fahrräder", "WEBLINK1": "http://www.wien.gv.at/verkehr/verkehrssicherheit/massnahmen/index.html", "SE_ANNO_CAD_DATA": null }, "geometry": { "type": "Polygon", "coordinates": [ [ [ 16.37283593, 48.1818809 ], [ 16.3726499, 48.18190662 ], [ 16.37263086, 48.18185925 ], [ 16.37262519, 48.18184729 ], [ 16.37262254, 48.18183764 ], [ 16.37258377, 48.1817444 ], [ 16.37255396, 48.18167271 ], [ 16.37252207, 48.18159597 ], [ 16.37250436, 48.1815534 ], [ 16.37249018, 48.1815193 ], [ 16.37248843, 48.18151414 ], [ 16.37248437, 48.18150215 ], [ 16.37245785, 48.181444 ], [ 16.37245469, 48.18143641 ], [ 16.37245195, 48.18142981 ], [ 16.3724503, 48.18142588 ], [ 16.37245727, 48.18142584 ], [ 16.37248489, 48.18142542 ], [ 16.37255138, 48.18142291 ], [ 16.37257709, 48.18142193 ], [ 16.37264611, 48.181419 ], [ 16.37268201, 48.1815107 ], [ 16.37276662, 48.18171421 ], [ 16.37277865, 48.18174314 ], [ 16.37283593, 48.1818809 ] ] ] } },
{ "type": "Feature", "properties": { "id": "FUSSGEHERZONEOGD.1692477", "OBJECTID": 1692477, "ADRESSE": "9., ", "ZEITRAUM": "ausgen. Mo.-Sa. (werkt.) v. 6-10:30 Uhr", "AUSN_TEXT": "Zufahrt zur Ladetätigkeit sowie ausgen. Fahrräder", "WEBLINK1": "http://www.wien.gv.at/verkehr/verkehrssicherheit/massnahmen/index.html", "SE_ANNO_CAD_DATA": null }, "geometry": { "type": "Polygon", "coordinates": [ [ [ 16.36332084, 48.2209377 ], [ 16.36342091, 48.22092117 ], [ 16.3637551, 48.2208694 ], [ 16.3638498, 48.22085462 ], [ 16.36398811, 48.22081168 ], [ 16.36427196, 48.22076911 ], [ 16.36426269, 48.22089687 ], [ 16.36426239, 48.22089602 ], [ 16.36423825, 48.22089979 ], [ 16.36396615, 48.22094228 ], [ 16.36391003, 48.2209512 ], [ 16.36390963, 48.22095048 ], [ 16.36387461, 48.22095608 ], [ 16.36383319, 48.22096271 ], [ 16.36381052, 48.22096634 ], [ 16.36378027, 48.22097118 ], [ 16.36367494, 48.22098804 ], [ 16.36357463, 48.22100374 ], [ 16.36350058, 48.22101535 ], [ 16.36346298, 48.22102124 ], [ 16.36342021, 48.22102794 ], [ 16.36342007, 48.22102731 ], [ 16.36336006, 48.22103622 ], [ 16.36334845, 48.22101464 ], [ 16.36333345, 48.2209731 ], [ 16.36332084, 48.2209377 ] ] ] } },
{ "type": "Feature", "properties": { "id": "FUSSGEHERZONEOGD.1692478", "OBJECTID": 1692478, "ADRESSE": "15., Staglgasse", "ZEITRAUM": null, "AUSN_TEXT": "ausgenommen Zufahrt zur Ladetätigkeit, den genehmigten Stellplätzen und Fahrräder", "WEBLINK1": "http://www.wien.gv.at/verkehr/verkehrssicherheit/massnahmen/index.html", "SE_ANNO_CAD_DATA": null }, "geometry": { "type": "Polygon", "coordinates": [ [ [ 16.33434985, 48.19441983 ], [ 16.33363806, 48.19462326 ], [ 16.33357578, 48.19453284 ], [ 16.33428935, 48.19432703 ], [ 16.33434985, 48.19441983 ] ] ] } },
{ "type": "Feature", "properties": { "id": "FUSSGEHERZONEOGD.1692479", "OBJECTID": 1692479, "ADRESSE": "6., Brückengasse", "ZEITRAUM": "Mo-Fr. (werkt.) von 7-12h", "AUSN_TEXT": "ausgen. Zufahrt zu den genehmigten Stellplätzen, Taxi, Behindertentransporte sowie ausgen. Ladetätigkeitt", "WEBLINK1": "http://www.wien.gv.at/verkehr/verkehrssicherheit/massnahmen/index.html", "SE_ANNO_CAD_DATA": null }, "geometry": { "type": "Polygon", "coordinates": [ [ [ 16.34759474, 48.19092097 ], [ 16.34768733, 48.19079636 ], [ 16.347658, 48.19078656 ], [ 16.3477671, 48.19063408 ], [ 16.34759607, 48.19057638 ], [ 16.34765957, 48.19045766 ], [ 16.34794786, 48.19055348 ], [ 16.34788275, 48.19064605 ], [ 16.34784202, 48.19063516 ], [ 16.34774921, 48.19076041 ], [ 16.34779644, 48.19077565 ], [ 16.3477704, 48.19081377 ], [ 16.34777691, 48.19081922 ], [ 16.34777366, 48.19085733 ], [ 16.34772808, 48.19092377 ], [ 16.34768408, 48.19095022 ], [ 16.34759474, 48.19092097 ] ] ] } },
{ "type": "Feature", "properties": { "id": "FUSSGEHERZONEOGD.1692480", "OBJECTID": 1692480, "ADRESSE": "6., Kurt-Pint-Platz", "ZEITRAUM": "Mo-Fr. (werkt.) von 7-12h", "AUSN_TEXT": "ausgen. Zufahrt zu den genehmigten Stellplätzen, Taxi, Behindertentransporte sowie ausgen. Ladetätigkeitt", "WEBLINK1": "http://www.wien.gv.at/verkehr/verkehrssicherheit/massnahmen/index.html", "SE_ANNO_CAD_DATA": null }, "geometry": { "type": "Polygon", "coordinates": [ [ [ 16.34768408, 48.19095022 ], [ 16.34764772, 48.19097208 ], [ 16.34749972, 48.1911854 ], [ 16.34741866, 48.19115794 ], [ 16.34759474, 48.19092097 ], [ 16.34768408, 48.19095022 ] ] ] } },
{ "type": "Feature", "properties": { "id": "FUSSGEHERZONEOGD.1692481", "OBJECTID": 1692481, "ADRESSE": "1., Freisingergasse", "ZEITRAUM": null, "AUSN_TEXT": "ausgen. Fahrräder", "WEBLINK1": "http://www.wien.gv.at/verkehr/verkehrssicherheit/massnahmen/index.html", "SE_ANNO_CAD_DATA": null }, "geometry": { "type": "Polygon", "coordinates": [ [ [ 16.3709173, 48.20933438 ], [ 16.37063305, 48.20949486 ], [ 16.37053293, 48.20941944 ], [ 16.37056659, 48.20942073 ], [ 16.37080761, 48.20927443 ], [ 16.37082602, 48.20924816 ], [ 16.3709173, 48.20933438 ] ] ] } },
{ "type": "Feature", "properties": { "id": "FUSSGEHERZONEOGD.1692482", "OBJECTID": 1692482, "ADRESSE": "15., Friedrichsplatz", "ZEITRAUM": null, "AUSN_TEXT": "ausgenommen Zufahrt zur Ladetätigkeit, den genehmigten Stellplätzen und Fahrräder", "WEBLINK1": "http://www.wien.gv.at/verkehr/verkehrssicherheit/massnahmen/index.html", "SE_ANNO_CAD_DATA": null }, "geometry": { "type": "Polygon", "coordinates": [ [ [ 16.33333054, 48.19416771 ], [ 16.33357106, 48.19453589 ], [ 16.33345389, 48.19459348 ], [ 16.33342552, 48.19456487 ], [ 16.33318984, 48.19421119 ], [ 16.33333054, 48.19416771 ] ] ] } },
{ "type": "Feature", "properties": { "id": "FUSSGEHERZONEOGD.1692483", "OBJECTID": 1692483, "ADRESSE": "16., Grubergasse", "ZEITRAUM": null, "AUSN_TEXT": "ausgen. Zufahrt zu den genehmigten Stellplätzen sowie Fahrräder", "WEBLINK1": "http://www.wien.gv.at/verkehr/verkehrssicherheit/massnahmen/index.html", "SE_ANNO_CAD_DATA": null }, "geometry": { "type": "Polygon", "coordinates": [ [ [ 16.31569711, 48.21214435 ], [ 16.31582392, 48.21280616 ], [ 16.31562295, 48.21283367 ], [ 16.31547921, 48.21217695 ], [ 16.31569711, 48.21214435 ] ] ] } },
{ "type": "Feature", "properties": { "id": "FUSSGEHERZONEOGD.1692485", "OBJECTID": 1692485, "ADRESSE": "9., ", "ZEITRAUM": "ausgen. Mo.-Sa. (werkt.) v. 6-10:30 Uhr", "AUSN_TEXT": "Zufahrt zur Ladetätigkeit sowie ausgen. Fahrräder", "WEBLINK1": "http://www.wien.gv.at/verkehr/verkehrssicherheit/massnahmen/index.html", "SE_ANNO_CAD_DATA": null }, "geometry": { "type": "MultiPolygon", "coordinates": [ [ [ [ 16.36431316, 48.2207286 ], [ 16.36430904, 48.22071605 ], [ 16.36428276, 48.22063606 ], [ 16.36424673, 48.22064112 ], [ 16.36424621, 48.22064119 ], [ 16.3642369, 48.22060762 ], [ 16.36427179, 48.22060269 ], [ 16.36424231, 48.22051349 ], [ 16.36422546, 48.22037407 ], [ 16.36422549, 48.22037364 ], [ 16.3642255, 48.22037223 ], [ 16.36422541, 48.22037082 ], [ 16.36422523, 48.22036941 ], [ 16.36422101, 48.22032803 ], [ 16.36422002, 48.22031834 ], [ 16.36421433, 48.22026251 ], [ 16.36421338, 48.22025341 ], [ 16.36421128, 48.22022924 ], [ 16.36421279, 48.22022904 ], [ 16.36421252, 48.22022704 ], [ 16.36421553, 48.22022684 ], [ 16.36421499, 48.22022024 ], [ 16.36421553, 48.22022024 ], [ 16.36421282, 48.22018976 ], [ 16.36421188, 48.22018976 ], [ 16.36421147, 48.22018391 ], [ 16.36420918, 48.22018373 ], [ 16.36420894, 48.2201804 ], [ 16.36420775, 48.22016464 ], [ 16.3642075, 48.22016134 ], [ 16.36420593, 48.22014039 ], [ 16.3642066, 48.22014039 ], [ 16.3642054, 48.22012125 ], [ 16.36420448, 48.22010668 ], [ 16.36420383, 48.2200964 ], [ 16.36420348, 48.22009075 ], [ 16.36420106, 48.22009066 ], [ 16.36419685, 48.22003076 ], [ 16.36419887, 48.22003085 ], [ 16.36419873, 48.22002474 ], [ 16.36419941, 48.22002474 ], [ 16.36419724, 48.21999425 ], [ 16.36419616, 48.21999416 ], [ 16.36419575, 48.21998831 ], [ 16.3641932, 48.21998814 ], [ 16.36419311, 48.21998787 ], [ 16.36419293, 48.21998733 ], [ 16.36418741, 48.21989469 ], [ 16.36418699, 48.21988771 ], [ 16.36418675, 48.21988381 ], [ 16.36418662, 48.21988166 ], [ 16.36418607, 48.2198723 ], [ 16.36418939, 48.21987229 ], [ 16.36422149, 48.21987222 ], [ 16.36427408, 48.21987211 ], [ 16.36433655, 48.21987197 ], [ 16.36437187, 48.2198719 ], [ 16.36437594, 48.21987189 ], [ 16.36437597, 48.2198969 ], [ 16.36437599, 48.21992488 ], [ 16.36437602, 48.21994887 ], [ 16.36437604, 48.21996741 ], [ 16.36437163, 48.21996741 ], [ 16.36437166, 48.22001795 ], [ 16.3643761, 48.22001793 ], [ 16.36437624, 48.22003593 ], [ 16.3643764, 48.22005642 ], [ 16.36437679, 48.22010714 ], [ 16.36437691, 48.22012352 ], [ 16.36437481, 48.22012353 ], [ 16.36437454, 48.22012686 ], [ 16.36437694, 48.22012685 ], [ 16.36437704, 48.22014052 ], [ 16.36437733, 48.22017822 ], [ 16.36437774, 48.22022946 ], [ 16.36437774, 48.22023031 ], [ 16.36437774, 48.22023132 ], [ 16.36437791, 48.22025749 ], [ 16.36437811, 48.22028606 ], [ 16.36437832, 48.22031739 ], [ 16.36437834, 48.22032047 ], [ 16.36437844, 48.22033393 ], [ 16.36437846, 48.22033675 ], [ 16.36437847, 48.22033764 ], [ 16.36437872, 48.22037453 ], [ 16.36437906, 48.22042431 ], [ 16.36437916, 48.22042582 ], [ 16.3643849, 48.22050843 ], [ 16.36438492, 48.22050864 ], [ 16.364386, 48.22052426 ], [ 16.36438874, 48.22056359 ], [ 16.36439103, 48.22059659 ], [ 16.36439106, 48.22059695 ], [ 16.36439583, 48.22066558 ], [ 16.36439776, 48.22069327 ], [ 16.36439565, 48.22069353 ], [ 16.36439963, 48.22074715 ], [ 16.36431316, 48.2207286 ] ] ], [ [ [ 16.36440154, 48.22074756 ], [ 16.36440816, 48.22074898 ], [ 16.36440152, 48.22074862 ], [ 16.36440154, 48.22074756 ] ] ], [ [ [ 16.36439984, 48.22074719 ], [ 16.36440155, 48.22074721 ], [ 16.36440154, 48.22074756 ], [ 16.36439984, 48.22074719 ] ] ], [ [ [ 16.36439963, 48.22074715 ], [ 16.36439984, 48.22074719 ], [ 16.36439963, 48.22074719 ], [ 16.36439963, 48.22074715 ] ] ] ] } },
{ "type": "Feature", "properties": { "id": "FUSSGEHERZONEOGD.1692486", "OBJECTID": 1692486, "ADRESSE": "10., Reumannplatz", "ZEITRAUM": "Mo. - Sa. (werkt.) von 6 - 10:30 h", "AUSN_TEXT": "ausgen. Mo.- Sa. (werkt.) von 6-10:30h die Zufahrt zur Ladetätigkeit, Taxi zum Aus- und Einsteigen und Kraftfahrzeuge der Handelsvertreter", "WEBLINK1": "http://www.wien.gv.at/verkehr/verkehrssicherheit/massnahmen/index.html", "SE_ANNO_CAD_DATA": null }, "geometry": { "type": "Polygon", "coordinates": [ [ [ 16.37782463, 48.17477393 ], [ 16.37779765, 48.17475236 ], [ 16.37773167, 48.17475794 ], [ 16.377687, 48.17463058 ], [ 16.37773677, 48.17458773 ], [ 16.37733061, 48.17383596 ], [ 16.37752979, 48.17378354 ], [ 16.37728897, 48.1732677 ], [ 16.3774814, 48.17325654 ], [ 16.37776763, 48.17325628 ], [ 16.37797897, 48.17326944 ], [ 16.37821272, 48.17329006 ], [ 16.37844516, 48.17331611 ], [ 16.3784818, 48.17324193 ], [ 16.3787637, 48.17330354 ], [ 16.37874195, 48.17334363 ], [ 16.37886948, 48.17338005 ], [ 16.37903873, 48.17344268 ], [ 16.37910278, 48.17347012 ], [ 16.37920539, 48.17352843 ], [ 16.37929517, 48.17360823 ], [ 16.37933066, 48.17364311 ], [ 16.37948397, 48.17382228 ], [ 16.37949696, 48.17383 ], [ 16.37954502, 48.17382236 ], [ 16.3796129, 48.17389881 ], [ 16.3793648, 48.17394093 ], [ 16.37935903, 48.17394628 ], [ 16.37933147, 48.1739512 ], [ 16.37932804, 48.17394125 ], [ 16.3792883, 48.1739474 ], [ 16.3792544, 48.17394029 ], [ 16.37923537, 48.17395287 ], [ 16.37917368, 48.17396624 ], [ 16.37913908, 48.17395809 ], [ 16.37912132, 48.17397455 ], [ 16.3790746, 48.17398217 ], [ 16.37907587, 48.17398693 ], [ 16.37904982, 48.17399112 ], [ 16.37904541, 48.17400016 ], [ 16.37897391, 48.17401097 ], [ 16.37896254, 48.1740027 ], [ 16.37888177, 48.17401801 ], [ 16.37887695, 48.17402795 ], [ 16.37874771, 48.17404861 ], [ 16.37875021, 48.17405653 ], [ 16.37864793, 48.17407303 ], [ 16.37868016, 48.17416257 ], [ 16.37869094, 48.17416093 ], [ 16.37869795, 48.17418014 ], [ 16.37880134, 48.17446665 ], [ 16.37879084, 48.17447093 ], [ 16.37882299, 48.1745578 ], [ 16.37875812, 48.17455475 ], [ 16.37869054, 48.17456477 ], [ 16.37864928, 48.17457573 ], [ 16.37859523, 48.1746005 ], [ 16.37856323, 48.17463002 ], [ 16.37858037, 48.17469854 ], [ 16.37815711, 48.17472447 ], [ 16.37782463, 48.17477393 ] ] ] } },
{ "type": "Feature", "properties": { "id": "FUSSGEHERZONEOGD.1692487", "OBJECTID": 1692487, "ADRESSE": "7., Mariahilfer Straße", "ZEITRAUM": "Mo. - Sa. (werkt.) v. 6 - 13.00h", "AUSN_TEXT": "ausgen. die Zufahrt zur Ladetätigkeit, Taxi und Behindertentransporte zum Aus- u. Einsteigen sowie ausgen. Fahrräder", "WEBLINK1": "http://www.wien.gv.at/verkehr/verkehrssicherheit/massnahmen/index.html", "SE_ANNO_CAD_DATA": null }, "geometry": { "type": "Polygon", "coordinates": [ [ [ 16.34861296, 48.19777746 ], [ 16.34853742, 48.19787842 ], [ 16.34831389, 48.19781771 ], [ 16.3479721, 48.19772044 ], [ 16.34773268, 48.19765346 ], [ 16.3478052, 48.19753702 ], [ 16.3485269, 48.19774742 ], [ 16.34861296, 48.19777746 ] ] ] } },
{ "type": "Feature", "properties": { "id": "FUSSGEHERZONEOGD.1692488", "OBJECTID": 1692488, "ADRESSE": "6., Mariahilfer Straße", "ZEITRAUM": "Mo. - Sa. (werkt.) v. 6 - 13.00h", "AUSN_TEXT": "ausgen. die Zufahrt zur Ladetätigkeit, Taxi und Behindertentransporte zum Aus- u. Einsteigen sowie ausgen. Fahrräder", "WEBLINK1": "http://www.wien.gv.at/verkehr/verkehrssicherheit/massnahmen/index.html", "SE_ANNO_CAD_DATA": null }, "geometry": { "type": "Polygon", "coordinates": [ [ [ 16.34868357, 48.19766885 ], [ 16.34861464, 48.19777804 ], [ 16.3485269, 48.19774742 ], [ 16.34780537, 48.19753675 ], [ 16.34788195, 48.19741053 ], [ 16.34798302, 48.19744177 ], [ 16.34815531, 48.19749913 ], [ 16.34820654, 48.19751548 ], [ 16.34852044, 48.19761375 ], [ 16.34868357, 48.19766885 ] ] ] } },
{ "type": "Feature", "properties": { "id": "FUSSGEHERZONEOGD.1692489", "OBJECTID": 1692489, "ADRESSE": "7., Mariahilfer Straße", "ZEITRAUM": "Mo. - Sa. (werkt.) v. 6 - 13.00h", "AUSN_TEXT": "ausgen. die Zufahrt zur Ladetätigkeit, Taxi und Behindertentransporte zum Aus- u. Einsteigen sowie ausgen. Fahrräder", "WEBLINK1": "http://www.wien.gv.at/verkehr/verkehrssicherheit/massnahmen/index.html", "SE_ANNO_CAD_DATA": null }, "geometry": { "type": "Polygon", "coordinates": [ [ [ 16.35111073, 48.19872221 ], [ 16.35101732, 48.1988279 ], [ 16.35086832, 48.19876562 ], [ 16.35056838, 48.19864026 ], [ 16.35027337, 48.19851211 ], [ 16.35037072, 48.19841237 ], [ 16.35039323, 48.1984218 ], [ 16.35111073, 48.19872221 ] ] ] } },
{ "type": "Feature", "properties": { "id": "FUSSGEHERZONEOGD.1692484", "OBJECTID": 1692484, "ADRESSE": "10., Herzgasse", "ZEITRAUM": "Mo. - Sa. (werkt.) v. 06.00h - 10.30h", "AUSN_TEXT": "ausgen. Fahrräder sowie Zufahrt zur Ladetätigkeit und Taxi und Zu. u. Abfahrt zu den genehmigten Stellplätzen gestattet", "WEBLINK1": "http://www.wien.gv.at/verkehr/verkehrssicherheit/massnahmen/index.html", "SE_ANNO_CAD_DATA": null }, "geometry": { "type": "Polygon", "coordinates": [ [ [ 16.36720629, 48.17759866 ], [ 16.36720572, 48.17759469 ], [ 16.36718654, 48.1774735 ], [ 16.36718529, 48.17746568 ], [ 16.36717395, 48.17739428 ], [ 16.3671716, 48.17737946 ], [ 16.36716779, 48.17735551 ], [ 16.36713623, 48.17715678 ], [ 16.36713611, 48.17715529 ], [ 16.36713585, 48.17715381 ], [ 16.36713546, 48.17715234 ], [ 16.36713511, 48.17715137 ], [ 16.36725831, 48.17714034 ], [ 16.36726573, 48.17718871 ], [ 16.36728166, 48.1772968 ], [ 16.36728189, 48.17729816 ], [ 16.36728424, 48.17731209 ], [ 16.36727343, 48.17731369 ], [ 16.36727149, 48.17731389 ], [ 16.36726963, 48.17731428 ], [ 16.36726789, 48.17731487 ], [ 16.3672663, 48.17731563 ], [ 16.36726492, 48.17731655 ], [ 16.36726371, 48.17731766 ], [ 16.36726279, 48.17731891 ], [ 16.36726219, 48.17732023 ], [ 16.36726193, 48.1773216 ], [ 16.36726202, 48.17732297 ], [ 16.36726409, 48.17733665 ], [ 16.36726534, 48.17734487 ], [ 16.36727387, 48.17740109 ], [ 16.36727595, 48.17741481 ], [ 16.36727618, 48.17741625 ], [ 16.36727674, 48.17741765 ], [ 16.36727763, 48.17741897 ], [ 16.36727883, 48.17742017 ], [ 16.36728029, 48.17742124 ], [ 16.36728206, 48.17742217 ], [ 16.36728403, 48.17742288 ], [ 16.36728616, 48.17742337 ], [ 16.36728836, 48.17742362 ], [ 16.36729061, 48.17742362 ], [ 16.36730151, 48.17742297 ], [ 16.36730446, 48.17743923 ], [ 16.36731046, 48.17747803 ], [ 16.36731566, 48.17751162 ], [ 16.36732111, 48.17754681 ], [ 16.36732168, 48.17755049 ], [ 16.36732203, 48.17755276 ], [ 16.36732225, 48.17755407 ], [ 16.36732248, 48.17755523 ], [ 16.36732085, 48.1775552 ], [ 16.36731855, 48.17755532 ], [ 16.36728147, 48.17755791 ], [ 16.36728284, 48.17756682 ], [ 16.36728337, 48.1775703 ], [ 16.36728548, 48.17758401 ], [ 16.3672867, 48.17759293 ], [ 16.36720629, 48.17759866 ] ] ] } },
{ "type": "Feature", "properties": { "id": "FUSSGEHERZONEOGD.1692491", "OBJECTID": 1692491, "ADRESSE": "22., Bereich Anna-Bastel-Gasse", "ZEITRAUM": "Mo.- Sa. (werkt.) von 6.00-10.30h", "AUSN_TEXT": "ausgen, Zufahrt zur Ladetätigkeit und Behindertentransporte sowie ausgen. Fahrräder", "WEBLINK1": "http://www.wien.gv.at/verkehr/verkehrssicherheit/massnahmen/index.html", "SE_ANNO_CAD_DATA": null }, "geometry": { "type": "Polygon", "coordinates": [ [ [ 16.50503777, 48.22530325 ], [ 16.50529889, 48.22563732 ], [ 16.50551522, 48.2256916 ], [ 16.50581561, 48.22619419 ], [ 16.5054779, 48.22626639 ], [ 16.50544661, 48.22602675 ], [ 16.50495905, 48.22559502 ], [ 16.50503777, 48.22530325 ] ] ] } },
{ "type": "Feature", "properties": { "id": "FUSSGEHERZONEOGD.1692492", "OBJECTID": 1692492, "ADRESSE": "12., Reschgasse", "ZEITRAUM": null, "AUSN_TEXT": "ausgen. Zufahrt zu den genehmigten Stellplätzen sowie Fahrräder", "WEBLINK1": "http://www.wien.gv.at/verkehr/verkehrssicherheit/massnahmen/index.html", "SE_ANNO_CAD_DATA": null }, "geometry": { "type": "Polygon", "coordinates": [ [ [ 16.33421276, 48.18042446 ], [ 16.33421182, 48.18042527 ], [ 16.33421035, 48.18042512 ], [ 16.33416156, 48.18041997 ], [ 16.33416129, 48.1804206 ], [ 16.33415242, 48.18041959 ], [ 16.33413485, 48.18041759 ], [ 16.33410431, 48.18041411 ], [ 16.33405857, 48.1804089 ], [ 16.33404679, 48.18040756 ], [ 16.33398973, 48.18040106 ], [ 16.33397804, 48.18039973 ], [ 16.33396635, 48.1803984 ], [ 16.33396511, 48.18039826 ], [ 16.33395985, 48.18039766 ], [ 16.33395999, 48.18039713 ], [ 16.3339548, 48.18039651 ], [ 16.33394597, 48.18039545 ], [ 16.33393783, 48.18039447 ], [ 16.33389439, 48.18038924 ], [ 16.33388713, 48.18038835 ], [ 16.33387987, 48.18038746 ], [ 16.33375642, 48.18037206 ], [ 16.33375659, 48.18037153 ], [ 16.33372726, 48.18036758 ], [ 16.33372003, 48.18036661 ], [ 16.33370515, 48.1803646 ], [ 16.33368419, 48.18034914 ], [ 16.33368649, 48.18034063 ], [ 16.33369786, 48.18028799 ], [ 16.33369879, 48.18028387 ], [ 16.33370058, 48.18027539 ], [ 16.33373, 48.18026605 ], [ 16.33377536, 48.18027131 ], [ 16.33377617, 48.18027077 ], [ 16.33378406, 48.18027171 ], [ 16.33379002, 48.18027242 ], [ 16.33383838, 48.18027821 ], [ 16.33385058, 48.18027967 ], [ 16.33386485, 48.18028138 ], [ 16.33389132, 48.18028455 ], [ 16.33395198, 48.18029181 ], [ 16.33397679, 48.18029478 ], [ 16.33398204, 48.18029541 ], [ 16.33398729, 48.18029606 ], [ 16.33409595, 48.18030947 ], [ 16.3341433, 48.18031531 ], [ 16.33414906, 48.18031603 ], [ 16.33417709, 48.18031949 ], [ 16.33418536, 48.18032051 ], [ 16.33418523, 48.1803215 ], [ 16.33423539, 48.1803277 ], [ 16.33423579, 48.18032635 ], [ 16.33424011, 48.18032442 ], [ 16.33424804, 48.18032086 ], [ 16.33425768, 48.18031654 ], [ 16.334262, 48.18031433 ], [ 16.33426226, 48.18031451 ], [ 16.33426274, 48.18031484 ], [ 16.334275, 48.18032331 ], [ 16.33427865, 48.18032583 ], [ 16.3342883, 48.1803325 ], [ 16.33428988, 48.18033359 ], [ 16.33429134, 48.1803346 ], [ 16.33429075, 48.18033541 ], [ 16.33428875, 48.18033817 ], [ 16.33428725, 48.18034025 ], [ 16.33428537, 48.18034285 ], [ 16.33428431, 48.18034431 ], [ 16.33428059, 48.18034946 ], [ 16.33427661, 48.18035496 ], [ 16.33426876, 48.1803658 ], [ 16.33426101, 48.18037651 ], [ 16.33425761, 48.18038122 ], [ 16.33425731, 48.18038163 ], [ 16.33425234, 48.1803885 ], [ 16.33425055, 48.18039097 ], [ 16.33424864, 48.18039361 ], [ 16.33424636, 48.18039557 ], [ 16.33424567, 48.18039617 ], [ 16.33423251, 48.18040748 ], [ 16.33423106, 48.18040873 ], [ 16.33422724, 48.18041201 ], [ 16.33421559, 48.18042203 ], [ 16.33421276, 48.18042446 ] ] ] } },
{ "type": "Feature", "properties": { "id": "FUSSGEHERZONEOGD.1692493", "OBJECTID": 1692493, "ADRESSE": "6., Spalowskygasse", "ZEITRAUM": "(werkt.) v. 6-10:30", "AUSN_TEXT": "ausgen. Zufahrt zur Ladetätigkeit sowie ausgen. Fahrräder", "WEBLINK1": "http://www.wien.gv.at/verkehr/verkehrssicherheit/massnahmen/index.html", "SE_ANNO_CAD_DATA": null }, "geometry": { "type": "Polygon", "coordinates": [ [ [ 16.34079635, 48.19337384 ], [ 16.34023557, 48.19315963 ], [ 16.34015005, 48.19312848 ], [ 16.33996024, 48.19305644 ], [ 16.33996145, 48.1930541 ], [ 16.33990563, 48.19303269 ], [ 16.33979775, 48.19287999 ], [ 16.33991127, 48.19292181 ], [ 16.3401624, 48.19301677 ], [ 16.34016112, 48.1930184 ], [ 16.34084069, 48.19327246 ], [ 16.34079635, 48.19337384 ] ] ] } },
{ "type": "Feature", "properties": { "id": "FUSSGEHERZONEOGD.1692494", "OBJECTID": 1692494, "ADRESSE": "16., Brunnengasse", "ZEITRAUM": null, "AUSN_TEXT": null, "WEBLINK1": "http://www.wien.gv.at/verkehr/verkehrssicherheit/massnahmen/index.html", "SE_ANNO_CAD_DATA": null }, "geometry": { "type": "Polygon", "coordinates": [ [ [ 16.33530662, 48.20897472 ], [ 16.33524807, 48.20880455 ], [ 16.33521958, 48.20872172 ], [ 16.33522009, 48.2087216 ], [ 16.33520269, 48.20867035 ], [ 16.33519793, 48.20865632 ], [ 16.33518049, 48.20860495 ], [ 16.33518125, 48.20860489 ], [ 16.33514924, 48.20851141 ], [ 16.33515023, 48.20851114 ], [ 16.33513495, 48.20846656 ], [ 16.33533271, 48.20845241 ], [ 16.33534621, 48.20849214 ], [ 16.3353466, 48.20849406 ], [ 16.33534773, 48.20849392 ], [ 16.33534894, 48.20849534 ], [ 16.33536987, 48.20855503 ], [ 16.33536988, 48.20855683 ], [ 16.3353691, 48.20855698 ], [ 16.33537028, 48.20856013 ], [ 16.33537145, 48.20855999 ], [ 16.33537199, 48.20856152 ], [ 16.33537858, 48.20858024 ], [ 16.33537907, 48.2085816 ], [ 16.33537772, 48.20858207 ], [ 16.33537807, 48.20858321 ], [ 16.3353781, 48.20858332 ], [ 16.33541799, 48.20869099 ], [ 16.33544966, 48.20878209 ], [ 16.335464, 48.20882582 ], [ 16.33547759, 48.20886609 ], [ 16.3354819, 48.20887841 ], [ 16.33547864, 48.20887889 ], [ 16.33550108, 48.20894662 ], [ 16.33530662, 48.20897472 ] ] ] } },
{ "type": "Feature", "properties": { "id": "FUSSGEHERZONEOGD.1692495", "OBJECTID": 1692495, "ADRESSE": "18., Wielemansgasse", "ZEITRAUM": null, "AUSN_TEXT": "ausgen. Zufahrt zu den genehmigten Stellplätzen sowie Fahrräder, Müllsammelfzge. u. Lieferanten", "WEBLINK1": "http://www.wien.gv.at/verkehr/verkehrssicherheit/massnahmen/index.html", "SE_ANNO_CAD_DATA": null }, "geometry": { "type": "Polygon", "coordinates": [ [ [ 16.32259627, 48.22834126 ], [ 16.32259629, 48.22834122 ], [ 16.32260329, 48.22833184 ], [ 16.32262587, 48.2283015 ], [ 16.32263298, 48.22829197 ], [ 16.32264064, 48.22828168 ], [ 16.32264564, 48.22827498 ], [ 16.3226498, 48.22827441 ], [ 16.32270428, 48.22826698 ], [ 16.32270383, 48.22826571 ], [ 16.32272226, 48.22826276 ], [ 16.32272704, 48.22826201 ], [ 16.32278039, 48.22825371 ], [ 16.32278978, 48.22825225 ], [ 16.32299694, 48.22822003 ], [ 16.32299736, 48.22821996 ], [ 16.32303922, 48.22821273 ], [ 16.32305159, 48.2282106 ], [ 16.32309086, 48.22831834 ], [ 16.32281509, 48.22836139 ], [ 16.32276673, 48.22837854 ], [ 16.32274666, 48.22838971 ], [ 16.32265788, 48.22837112 ], [ 16.32259627, 48.22834126 ] ] ] } },
{ "type": "Feature", "properties": { "id": "FUSSGEHERZONEOGD.1692496", "OBJECTID": 1692496, "ADRESSE": "9., Walter-Beck-Platz", "ZEITRAUM": "von 7.30 bis 12h", "AUSN_TEXT": "ausgen. Rettungsdienste sowie ausgen. Ladetätigkeit", "WEBLINK1": "http://www.wien.gv.at/verkehr/verkehrssicherheit/massnahmen/index.html", "SE_ANNO_CAD_DATA": null }, "geometry": { "type": "Polygon", "coordinates": [ [ [ 16.34608668, 48.21787835 ], [ 16.3463321, 48.21783598 ], [ 16.34633116, 48.21815393 ], [ 16.34626578, 48.21815595 ], [ 16.34626275, 48.21814788 ], [ 16.3462175, 48.21814655 ], [ 16.34621448, 48.21811966 ], [ 16.34613501, 48.21811899 ], [ 16.34613602, 48.21811294 ], [ 16.34611892, 48.2181116 ], [ 16.34611888, 48.21789381 ], [ 16.34608668, 48.21787835 ] ] ] } },
{ "type": "Feature", "properties": { "id": "FUSSGEHERZONEOGD.1692497", "OBJECTID": 1692497, "ADRESSE": "15., Palmgasse", "ZEITRAUM": null, "AUSN_TEXT": "ausgen. Fahrräder", "WEBLINK1": "http://www.wien.gv.at/verkehr/verkehrssicherheit/massnahmen/index.html", "SE_ANNO_CAD_DATA": null }, "geometry": { "type": "Polygon", "coordinates": [ [ [ 16.3378017, 48.19510464 ], [ 16.33766803, 48.19505926 ], [ 16.33780634, 48.19487114 ], [ 16.33796049, 48.19489075 ], [ 16.3378017, 48.19510464 ] ] ] } },
{ "type": "Feature", "properties": { "id": "FUSSGEHERZONEOGD.1692498", "OBJECTID": 1692498, "ADRESSE": "1., Michaelerplatz", "ZEITRAUM": null, "AUSN_TEXT": null, "WEBLINK1": "http://www.wien.gv.at/verkehr/verkehrssicherheit/massnahmen/index.html", "SE_ANNO_CAD_DATA": null }, "geometry": { "type": "MultiPolygon", "coordinates": [ [ [ [ 16.36643388, 48.20814324 ], [ 16.36644794, 48.2081169 ], [ 16.36644857, 48.20811709 ], [ 16.3664507, 48.20811767 ], [ 16.36645282, 48.20811822 ], [ 16.36645496, 48.20811879 ], [ 16.3664571, 48.20811934 ], [ 16.36645924, 48.20811989 ], [ 16.36646138, 48.20812042 ], [ 16.36646354, 48.20812095 ], [ 16.36646569, 48.20812148 ], [ 16.36646755, 48.20812193 ], [ 16.3664694, 48.20812237 ], [ 16.36647126, 48.20812281 ], [ 16.36647312, 48.20812325 ], [ 16.36647499, 48.20812368 ], [ 16.36647684, 48.2081241 ], [ 16.36647871, 48.20812452 ], [ 16.36648058, 48.20812493 ], [ 16.36648085, 48.208125 ], [ 16.36648112, 48.20812505 ], [ 16.36648139, 48.20812511 ], [ 16.36648166, 48.20812518 ], [ 16.36648194, 48.20812523 ], [ 16.36648221, 48.20812529 ], [ 16.36648248, 48.20812535 ], [ 16.36648275, 48.20812541 ], [ 16.36648699, 48.20812609 ], [ 16.36648856, 48.20812632 ], [ 16.36649322, 48.20812698 ], [ 16.36649551, 48.20812729 ], [ 16.36649979, 48.2081278 ], [ 16.36650408, 48.20812826 ], [ 16.36650837, 48.20812867 ], [ 16.36651266, 48.20812902 ], [ 16.36651521, 48.2081292 ], [ 16.36651697, 48.20812932 ], [ 16.36652126, 48.20812956 ], [ 16.36652557, 48.20812976 ], [ 16.36652986, 48.2081299 ], [ 16.36653415, 48.20812999 ], [ 16.36653844, 48.20813003 ], [ 16.36654272, 48.20813001 ], [ 16.36654698, 48.20812994 ], [ 16.3665522, 48.20812979 ], [ 16.36655743, 48.20812955 ], [ 16.36656263, 48.20812923 ], [ 16.36656784, 48.20812883 ], [ 16.36657303, 48.20812835 ], [ 16.36657648, 48.20812798 ], [ 16.36657822, 48.20812779 ], [ 16.36658342, 48.20812714 ], [ 16.36658858, 48.20812642 ], [ 16.36658993, 48.2081262 ], [ 16.36659565, 48.20812528 ], [ 16.3665989, 48.20812471 ], [ 16.36660404, 48.20812374 ], [ 16.36660917, 48.20812269 ], [ 16.36661428, 48.20812154 ], [ 16.36661584, 48.20812117 ], [ 16.36661938, 48.20812033 ], [ 16.36662446, 48.20811903 ], [ 16.36662613, 48.20811858 ], [ 16.36662777, 48.20811813 ], [ 16.36662941, 48.20811767 ], [ 16.36663101, 48.2081172 ], [ 16.36663261, 48.20811673 ], [ 16.3666342, 48.20811624 ], [ 16.36663576, 48.20811575 ], [ 16.36663732, 48.20811524 ], [ 16.36663887, 48.20811472 ], [ 16.3666404, 48.2081142 ], [ 16.36664194, 48.20811366 ], [ 16.36664347, 48.20811311 ], [ 16.36664499, 48.20811254 ], [ 16.3666465, 48.20811197 ], [ 16.36664802, 48.20811138 ], [ 16.36664936, 48.20811088 ], [ 16.36665072, 48.20811036 ], [ 16.36665207, 48.20810986 ], [ 16.3666534, 48.20810934 ], [ 16.36665474, 48.20810882 ], [ 16.36665607, 48.2081083 ], [ 16.36665739, 48.20810776 ], [ 16.36665871, 48.20810722 ], [ 16.36666003, 48.20810668 ], [ 16.36666133, 48.20810613 ], [ 16.36666264, 48.20810556 ], [ 16.36666457, 48.2081047 ], [ 16.36666651, 48.20810384 ], [ 16.36666842, 48.20810298 ], [ 16.36667035, 48.2081021 ], [ 16.36667226, 48.20810122 ], [ 16.36667415, 48.20810033 ], [ 16.36667605, 48.20809944 ], [ 16.36667794, 48.20809854 ], [ 16.36667983, 48.20809764 ], [ 16.36668171, 48.20809674 ], [ 16.36668359, 48.20809583 ], [ 16.36668381, 48.20809573 ], [ 16.36668401, 48.20809563 ], [ 16.36668423, 48.20809553 ], [ 16.36668443, 48.20809543 ], [ 16.36668464, 48.20809533 ], [ 16.36668484, 48.20809522 ], [ 16.36668506, 48.20809512 ], [ 16.36668526, 48.20809502 ], [ 16.36668548, 48.20809492 ], [ 16.36668568, 48.20809482 ], [ 16.36668589, 48.20809472 ], [ 16.36668397, 48.2080929 ], [ 16.3666819, 48.2080926 ], [ 16.36668304, 48.2080904 ], [ 16.36669431, 48.2080687 ], [ 16.36669824, 48.20806112 ], [ 16.36670432, 48.20804943 ], [ 16.36672614, 48.20800741 ], [ 16.36673823, 48.20798412 ], [ 16.36676176, 48.20793881 ], [ 16.36677049, 48.207922 ], [ 16.36677186, 48.20792203 ], [ 16.3667747, 48.20792135 ], [ 16.36677398, 48.20791998 ], [ 16.36677324, 48.20791862 ], [ 16.36677249, 48.20791728 ], [ 16.36677171, 48.20791593 ], [ 16.36677091, 48.20791459 ], [ 16.36677009, 48.20791325 ], [ 16.36676926, 48.20791192 ], [ 16.36676841, 48.20791059 ], [ 16.36676755, 48.20790927 ], [ 16.36676666, 48.20790796 ], [ 16.36676575, 48.20790666 ], [ 16.36676483, 48.20790536 ], [ 16.36676388, 48.20790407 ], [ 16.36676293, 48.20790278 ], [ 16.36676194, 48.20790149 ], [ 16.36676095, 48.20790023 ], [ 16.36675994, 48.20789896 ], [ 16.3667589, 48.2078977 ], [ 16.36675785, 48.20789644 ], [ 16.36675685, 48.20789517 ], [ 16.36675584, 48.20789392 ], [ 16.36675482, 48.20789267 ], [ 16.36675377, 48.20789142 ], [ 16.36675272, 48.20789018 ], [ 16.36675163, 48.20788895 ], [ 16.36675054, 48.20788773 ], [ 16.36674942, 48.20788652 ], [ 16.36674829, 48.2078853 ], [ 16.36674715, 48.2078841 ], [ 16.36674652, 48.20788345 ], [ 16.36674275, 48.2078797 ], [ 16.3667424, 48.20787936 ], [ 16.36674117, 48.20787819 ], [ 16.36673838, 48.20787563 ], [ 16.36673552, 48.2078731 ], [ 16.36673257, 48.20787062 ], [ 16.36672955, 48.20786817 ], [ 16.36672646, 48.20786577 ], [ 16.36672329, 48.20786342 ], [ 16.36672005, 48.2078611 ], [ 16.36671674, 48.20785883 ], [ 16.36671336, 48.20785661 ], [ 16.36670992, 48.20785444 ], [ 16.3667064, 48.20785231 ], [ 16.36670282, 48.20785023 ], [ 16.36669917, 48.2078482 ], [ 16.36669547, 48.20784622 ], [ 16.36669171, 48.2078443 ], [ 16.36668996, 48.20784344 ], [ 16.36668819, 48.2078426 ], [ 16.36668642, 48.20784176 ], [ 16.36668464, 48.20784094 ], [ 16.36668285, 48.20784012 ], [ 16.36668105, 48.20783931 ], [ 16.36667924, 48.20783851 ], [ 16.36667743, 48.20783771 ], [ 16.36667561, 48.20783693 ], [ 16.36667378, 48.20783615 ], [ 16.36667194, 48.20783537 ], [ 16.36667102, 48.20783499 ], [ 16.36667009, 48.20783461 ], [ 16.36666916, 48.20783423 ], [ 16.36666823, 48.20783386 ], [ 16.36666731, 48.2078335 ], [ 16.36666636, 48.20783313 ], [ 16.36666544, 48.20783276 ], [ 16.36666449, 48.2078324 ], [ 16.36666355, 48.20783204 ], [ 16.3666626, 48.20783169 ], [ 16.36666165, 48.20783134 ], [ 16.3666611, 48.20783113 ], [ 16.36666054, 48.20783092 ], [ 16.36665997, 48.20783073 ], [ 16.36665942, 48.20783052 ], [ 16.36665885, 48.20783032 ], [ 16.3666583, 48.20783013 ], [ 16.36665774, 48.20782992 ], [ 16.36665717, 48.20782972 ], [ 16.36665661, 48.20782952 ], [ 16.36665604, 48.20782933 ], [ 16.36665548, 48.20782914 ], [ 16.36665331, 48.20782835 ], [ 16.36665113, 48.20782758 ], [ 16.36664921, 48.20782692 ], [ 16.36664727, 48.20782627 ], [ 16.36664532, 48.20782562 ], [ 16.36664337, 48.207825 ], [ 16.3666414, 48.20782438 ], [ 16.36663942, 48.20782378 ], [ 16.36663744, 48.2078232 ], [ 16.36663545, 48.20782261 ], [ 16.36663346, 48.20782205 ], [ 16.36663146, 48.2078215 ], [ 16.36662944, 48.20782096 ], [ 16.36664357, 48.20780925 ], [ 16.36666826, 48.20780612 ], [ 16.36672814, 48.2077988 ], [ 16.36673905, 48.20779747 ], [ 16.36674593, 48.20779663 ], [ 16.36674801, 48.20779637 ], [ 16.36675898, 48.20779503 ], [ 16.36683304, 48.20778598 ], [ 16.36683955, 48.20778388 ], [ 16.36684032, 48.20778363 ], [ 16.36688201, 48.20777019 ], [ 16.36689123, 48.20776721 ], [ 16.36690055, 48.20776421 ], [ 16.36689985, 48.20776486 ], [ 16.36692033, 48.20781971 ], [ 16.36691926, 48.20781989 ], [ 16.36692951, 48.2078472 ], [ 16.36693823, 48.20787041 ], [ 16.36694837, 48.20789741 ], [ 16.36694917, 48.20789741 ], [ 16.36696605, 48.20794401 ], [ 16.36697056, 48.20795546 ], [ 16.36699997, 48.20801637 ], [ 16.36699136, 48.20801817 ], [ 16.36700052, 48.2080367 ], [ 16.36695706, 48.20804444 ], [ 16.36696003, 48.20805146 ], [ 16.36694967, 48.20805362 ], [ 16.36695649, 48.20807024 ], [ 16.36696556, 48.2080923 ], [ 16.36697271, 48.20810973 ], [ 16.3669828, 48.20810784 ], [ 16.3669859, 48.20811521 ], [ 16.36703608, 48.20810558 ], [ 16.36704457, 48.20812293 ], [ 16.36705143, 48.2081214 ], [ 16.36705733, 48.20813481 ], [ 16.36705866, 48.20813784 ], [ 16.36706913, 48.2081616 ], [ 16.3670711, 48.20816609 ], [ 16.36698461, 48.20821468 ], [ 16.36698273, 48.20821828 ], [ 16.36698268, 48.20821552 ], [ 16.36691514, 48.20824483 ], [ 16.36689345, 48.20825424 ], [ 16.36687097, 48.208264 ], [ 16.36682495, 48.20828397 ], [ 16.36682368, 48.20828423 ], [ 16.36681315, 48.20828642 ], [ 16.36680881, 48.20828694 ], [ 16.36680598, 48.2082873 ], [ 16.3667911, 48.20828934 ], [ 16.36677272, 48.20829186 ], [ 16.36674916, 48.20829509 ], [ 16.36672273, 48.20829871 ], [ 16.36669899, 48.20830196 ], [ 16.36667945, 48.20830463 ], [ 16.36667223, 48.20830562 ], [ 16.36661505, 48.20831346 ], [ 16.36660297, 48.20831514 ], [ 16.3665988, 48.20831452 ], [ 16.36658198, 48.20829044 ], [ 16.36654184, 48.20823298 ], [ 16.36651586, 48.20819579 ], [ 16.36650524, 48.20818059 ], [ 16.3664673, 48.20815837 ], [ 16.36643388, 48.20814324 ] ] ], [ [ [ 16.36682159, 48.20828541 ], [ 16.36681772, 48.20828587 ], [ 16.36682247, 48.20828491 ], [ 16.36682159, 48.20828541 ] ] ] ] } },
{ "type": "Feature", "properties": { "id": "FUSSGEHERZONEOGD.1692499", "OBJECTID": 1692499, "ADRESSE": "22., Bereich Simone-De-Beauvoir-Platz", "ZEITRAUM": "Mo.- Sa. (werkt.) von 6.00-10.30h", "AUSN_TEXT": "ausgen, Zufahrt zur Ladetätigkeit und Behindertentransporte sowie ausgen. Fahrräder", "WEBLINK1": "http://www.wien.gv.at/verkehr/verkehrssicherheit/massnahmen/index.html", "SE_ANNO_CAD_DATA": null }, "geometry": { "type": "Polygon", "coordinates": [ [ [ 16.50462757, 48.22518977 ], [ 16.50495737, 48.22513257 ], [ 16.50521644, 48.2249009 ], [ 16.50530093, 48.22486216 ], [ 16.50544853, 48.22501317 ], [ 16.50584473, 48.22488164 ], [ 16.50606058, 48.2248232 ], [ 16.50643034, 48.22472968 ], [ 16.5065716, 48.22491455 ], [ 16.50661262, 48.22510829 ], [ 16.50639244, 48.22523255 ], [ 16.50593213, 48.22531042 ], [ 16.50579661, 48.22514844 ], [ 16.50503777, 48.22530325 ], [ 16.50462757, 48.22518977 ] ] ] } },
{ "type": "Feature", "properties": { "id": "FUSSGEHERZONEOGD.1692490", "OBJECTID": 1692490, "ADRESSE": "7., Mariahilfer Straße", "ZEITRAUM": "Mo. - Sa. (werkt.) v. 6 - 13.00h", "AUSN_TEXT": "ausgen. die Zufahrt zur Ladetätigkeit, Taxi und Behindertentransporte zum Aus- u. Einsteigen sowie ausgen. Fahrräder", "WEBLINK1": "http://www.wien.gv.at/verkehr/verkehrssicherheit/massnahmen/index.html", "SE_ANNO_CAD_DATA": null }, "geometry": { "type": "Polygon", "coordinates": [ [ [ 16.35111073, 48.19872221 ], [ 16.35146105, 48.19886889 ], [ 16.35157093, 48.19890892 ], [ 16.35147576, 48.19901253 ], [ 16.35140271, 48.19898522 ], [ 16.35122756, 48.19893072 ], [ 16.35123503, 48.19891889 ], [ 16.35101732, 48.1988279 ], [ 16.35111073, 48.19872221 ] ] ] } },
{ "type": "Feature", "properties": { "id": "FUSSGEHERZONEOGD.1692500", "OBJECTID": 1692500, "ADRESSE": "20., Treustraße", "ZEITRAUM": null, "AUSN_TEXT": "ausgen. PKW zu den genehmigten Stellplätzen sowie Fahrräder", "WEBLINK1": "http://www.wien.gv.at/verkehr/verkehrssicherheit/massnahmen/index.html", "SE_ANNO_CAD_DATA": null }, "geometry": { "type": "Polygon", "coordinates": [ [ [ 16.36630326, 48.22878734 ], [ 16.36633386, 48.22876353 ], [ 16.36635366, 48.22874701 ], [ 16.36639516, 48.2287124 ], [ 16.36640938, 48.22870279 ], [ 16.36645775, 48.2286629 ], [ 16.36648394, 48.22864131 ], [ 16.36656976, 48.22857054 ], [ 16.36656813, 48.22856965 ], [ 16.36662037, 48.22852696 ], [ 16.3666417, 48.22850953 ], [ 16.36664027, 48.22850858 ], [ 16.36671877, 48.2284439 ], [ 16.36683224, 48.22835011 ], [ 16.36693597, 48.22826435 ], [ 16.36700347, 48.2282075 ], [ 16.36700457, 48.22820848 ], [ 16.36703312, 48.22818521 ], [ 16.36704958, 48.22817179 ], [ 16.36708867, 48.22813953 ], [ 16.36728855, 48.22823529 ], [ 16.36726607, 48.22825596 ], [ 16.36721336, 48.22830077 ], [ 16.36713034, 48.22837122 ], [ 16.36709331, 48.22840214 ], [ 16.36689269, 48.22856809 ], [ 16.36681757, 48.22863043 ], [ 16.36672403, 48.22870848 ], [ 16.36664716, 48.22877136 ], [ 16.36658885, 48.22881938 ], [ 16.36658693, 48.22881934 ], [ 16.3665503, 48.22884971 ], [ 16.36652456, 48.22887032 ], [ 16.36630326, 48.22878734 ] ] ] } },
{ "type": "Feature", "properties": { "id": "FUSSGEHERZONEOGD.1692501", "OBJECTID": 1692501, "ADRESSE": "22., Bereich Trude-Fleischmann-Gasse", "ZEITRAUM": "Mo.- Sa. (werkt.) von 6.00-10.30h", "AUSN_TEXT": "ausgen, Zufahrt zur Ladetätigkeit und Behindertentransporte sowie ausgen. Fahrräder", "WEBLINK1": "http://www.wien.gv.at/verkehr/verkehrssicherheit/massnahmen/index.html", "SE_ANNO_CAD_DATA": null }, "geometry": { "type": "Polygon", "coordinates": [ [ [ 16.50418134, 48.22529111 ], [ 16.50359531, 48.2257492 ], [ 16.5034802, 48.22568471 ], [ 16.50400348, 48.22527691 ], [ 16.50418134, 48.22529111 ] ] ] } },
{ "type": "Feature", "properties": { "id": "FUSSGEHERZONEOGD.1692502", "OBJECTID": 1692502, "ADRESSE": "22., Bereich Lella-Lombardi-Gasse", "ZEITRAUM": "Mo.- Sa. (werkt.) von 6.00-10.30h", "AUSN_TEXT": "ausgen, Zufahrt zur Ladetätigkeit und Behindertentransporte sowie ausgen. Fahrräder", "WEBLINK1": "http://www.wien.gv.at/verkehr/verkehrssicherheit/massnahmen/index.html", "SE_ANNO_CAD_DATA": null }, "geometry": { "type": "Polygon", "coordinates": [ [ [ 16.50530093, 48.22486216 ], [ 16.50521644, 48.2249009 ], [ 16.50448748, 48.22416397 ], [ 16.50454615, 48.22414597 ], [ 16.50478953, 48.22433972 ], [ 16.50490239, 48.22445442 ], [ 16.50530093, 48.22486216 ] ] ] } },
{ "type": "Feature", "properties": { "id": "FUSSGEHERZONEOGD.1692503", "OBJECTID": 1692503, "ADRESSE": "22., Bereich Gertrude-Bodenwieser-Gasse", "ZEITRAUM": "Mo.- Sa. (werkt.) von 6.00-10.30h", "AUSN_TEXT": "ausgen, Zufahrt zur Ladetätigkeit und Behindertentransporte sowie ausgen. Fahrräder", "WEBLINK1": "http://www.wien.gv.at/verkehr/verkehrssicherheit/massnahmen/index.html", "SE_ANNO_CAD_DATA": null }, "geometry": { "type": "Polygon", "coordinates": [ [ [ 16.50376979, 48.22512171 ], [ 16.50297065, 48.22540073 ], [ 16.50283445, 48.22532599 ], [ 16.50297089, 48.22521007 ], [ 16.50370541, 48.22502879 ], [ 16.50376979, 48.22512171 ] ] ] } },
{ "type": "Feature", "properties": { "id": "FUSSGEHERZONEOGD.1692504", "OBJECTID": 1692504, "ADRESSE": "22., Bereich Frenkel-Brunswik-Gasse", "ZEITRAUM": "Mo.- Sa. (werkt.) von 6.00-10.30h", "AUSN_TEXT": "ausgen, Zufahrt zur Ladetätigkeit und Behindertentransporte sowie ausgen. Fahrräder", "WEBLINK1": "http://www.wien.gv.at/verkehr/verkehrssicherheit/massnahmen/index.html", "SE_ANNO_CAD_DATA": null }, "geometry": { "type": "Polygon", "coordinates": [ [ [ 16.50413312, 48.22491067 ], [ 16.50400979, 48.22495366 ], [ 16.50365297, 48.22466854 ], [ 16.50376153, 48.2246132 ], [ 16.50413312, 48.22491067 ] ] ] } },
{ "type": "Feature", "properties": { "id": "FUSSGEHERZONEOGD.1692505", "OBJECTID": 1692505, "ADRESSE": "22., Bereich Beatrix-Kempf-Gasse", "ZEITRAUM": "Mo.- Sa. (werkt.) von 6.00-10.30h", "AUSN_TEXT": "ausgen, Zufahrt zur Ladetätigkeit sowie gewerbliche Behindertentransporte zum Aus- und Einsteigen sowie ausgen. Fahrräder", "WEBLINK1": "http://www.wien.gv.at/verkehr/verkehrssicherheit/massnahmen/index.html", "SE_ANNO_CAD_DATA": null }, "geometry": { "type": "Polygon", "coordinates": [ [ [ 16.50606058, 48.2248232 ], [ 16.50584473, 48.22488164 ], [ 16.50554761, 48.22447549 ], [ 16.50531512, 48.22421784 ], [ 16.50517935, 48.22396276 ], [ 16.50531562, 48.2239175 ], [ 16.50546096, 48.22418608 ], [ 16.50606058, 48.2248232 ] ] ] } },
{ "type": "Feature", "properties": { "id": "FUSSGEHERZONEOGD.1692506", "OBJECTID": 1692506, "ADRESSE": "22., Bereich Wangari-Maathai-Platz", "ZEITRAUM": "Mo.- Sa. (werkt.) von 6.00-10.30h", "AUSN_TEXT": "ausgen, Zufahrt zur Ladetätigkeit und Behindertentransporte sowie ausgen. Fahrräder", "WEBLINK1": "http://www.wien.gv.at/verkehr/verkehrssicherheit/massnahmen/index.html", "SE_ANNO_CAD_DATA": null }, "geometry": { "type": "Polygon", "coordinates": [ [ [ 16.50657181, 48.22491553 ], [ 16.50710545, 48.224812 ], [ 16.5071974, 48.22504037 ], [ 16.50661262, 48.22510829 ], [ 16.50657181, 48.22491553 ] ] ] } },
{ "type": "Feature", "properties": { "id": "FUSSGEHERZONEOGD.1692507", "OBJECTID": 1692507, "ADRESSE": "22., Bereich Eva-Maria-Mazzucco-Platz", "ZEITRAUM": "Mo.- Sa. (werkt.) von 6.00-10.30h", "AUSN_TEXT": "ausgen, Zufahrt zur Ladetätigkeit und Behindertentransporte sowie ausgen. Fahrräder", "WEBLINK1": "http://www.wien.gv.at/verkehr/verkehrssicherheit/massnahmen/index.html", "SE_ANNO_CAD_DATA": null }, "geometry": { "type": "Polygon", "coordinates": [ [ [ 16.50503777, 48.22530325 ], [ 16.50495905, 48.22559502 ], [ 16.50485515, 48.2256734 ], [ 16.50418134, 48.22529111 ], [ 16.50400348, 48.22527691 ], [ 16.50376979, 48.22512171 ], [ 16.50370541, 48.22502879 ], [ 16.50400979, 48.22495366 ], [ 16.50413312, 48.22491067 ], [ 16.50422737, 48.22488525 ], [ 16.50462757, 48.22518977 ], [ 16.50503777, 48.22530325 ] ] ] } },
{ "type": "Feature", "properties": { "id": "FUSSGEHERZONEOGD.1692508", "OBJECTID": 1692508, "ADRESSE": "22., Bereich Lydia-Sicher-Gasse", "ZEITRAUM": "Mo.- Sa. (werkt.) von 6.00-10.30h", "AUSN_TEXT": "ausgen, Zufahrt zur Ladetätigkeit sowie gewerbliche Behindertentransporte zum Aus- und Einsteigen sowie ausgen. Fahrräder", "WEBLINK1": "http://www.wien.gv.at/verkehr/verkehrssicherheit/massnahmen/index.html", "SE_ANNO_CAD_DATA": null }, "geometry": { "type": "Polygon", "coordinates": [ [ [ 16.50661262, 48.22510829 ], [ 16.50665325, 48.22530644 ], [ 16.50652079, 48.22562401 ], [ 16.50659218, 48.22600369 ], [ 16.50634868, 48.22606031 ], [ 16.50636947, 48.22568621 ], [ 16.50639244, 48.22523255 ], [ 16.50661262, 48.22510829 ] ] ] } },
{ "type": "Feature", "properties": { "id": "FUSSGEHERZONEOGD.1692370", "OBJECTID": 1692370, "ADRESSE": "12., Meidlinger Hauptstraße", "ZEITRAUM": "(werkt.) von 6-10.30h", "AUSN_TEXT": "ausgen. Zufahrt zur Ladetätigkeit, Taxi zum Aus- u. Einsteigen u. Kraftfahrzeuge des Bundesgremiums der Handelsvertreter, Kommissionäre u. Vermittler", "WEBLINK1": "http://www.wien.gv.at/verkehr/verkehrssicherheit/massnahmen/index.html", "SE_ANNO_CAD_DATA": null }, "geometry": { "type": "Polygon", "coordinates": [ [ [ 16.3299463, 48.17929379 ], [ 16.32994271, 48.17929369 ], [ 16.32990426, 48.17962127 ], [ 16.32990644, 48.17962354 ], [ 16.32990532, 48.17962409 ], [ 16.32989178, 48.17974972 ], [ 16.32988695, 48.1797523 ], [ 16.32988683, 48.17975348 ], [ 16.32969, 48.17974792 ], [ 16.32972179, 48.17944616 ], [ 16.32973716, 48.17944616 ], [ 16.32975047, 48.17934145 ], [ 16.3297529, 48.17934084 ], [ 16.32976278, 48.17925374 ], [ 16.3299463, 48.17929379 ] ] ] } },
{ "type": "Feature", "properties": { "id": "FUSSGEHERZONEOGD.1692371", "OBJECTID": 1692371, "ADRESSE": "14., Felbigergasse", "ZEITRAUM": "Mo.-Fr. (werkt.) von 6-10.30h", "AUSN_TEXT": "ausgen. Zufahrt zur Ladetätigkeit,sowie Fahrräder, Änderung ID_83", "WEBLINK1": "http://www.wien.gv.at/verkehr/verkehrssicherheit/massnahmen/index.html", "SE_ANNO_CAD_DATA": null }, "geometry": { "type": "Polygon", "coordinates": [ [ [ 16.290446, 48.19583432 ], [ 16.29041006, 48.19568701 ], [ 16.29169781, 48.19559482 ], [ 16.2916825, 48.19574084 ], [ 16.29165971, 48.19573067 ], [ 16.2904859, 48.19581656 ], [ 16.29046881, 48.19582291 ], [ 16.29046691, 48.19583179 ], [ 16.290446, 48.19583432 ] ] ] } },
{ "type": "Feature", "properties": { "id": "FUSSGEHERZONEOGD.1692372", "OBJECTID": 1692372, "ADRESSE": "18., Staudgasse", "ZEITRAUM": null, "AUSN_TEXT": "ausgen. Fahräder", "WEBLINK1": "http://www.wien.gv.at/verkehr/verkehrssicherheit/massnahmen/index.html", "SE_ANNO_CAD_DATA": null }, "geometry": { "type": "Polygon", "coordinates": [ [ [ 16.33423771, 48.22630367 ], [ 16.3341494, 48.22617803 ], [ 16.33502685, 48.22573452 ], [ 16.33512086, 48.22586015 ], [ 16.33423771, 48.22630367 ] ] ] } },
{ "type": "Feature", "properties": { "id": "FUSSGEHERZONEOGD.1692373", "OBJECTID": 1692373, "ADRESSE": "1., Körblergasse", "ZEITRAUM": "Mo .- Sa. (werkt.) v. 6-10:30h", "AUSN_TEXT": "ausgen. Mo. - Sa. (werkt.) v. 6 -10:30h Zufahrt zur Ladetätigkeit mit Fahrzeugen bis 18t höchstzul. Gesamtgewicht und Taxi zum Aus- und Einsteigen", "WEBLINK1": "http://www.wien.gv.at/verkehr/verkehrssicherheit/massnahmen/index.html", "SE_ANNO_CAD_DATA": null }, "geometry": { "type": "Polygon", "coordinates": [ [ [ 16.36790748, 48.20999436 ], [ 16.36769653, 48.20986761 ], [ 16.36767113, 48.20986187 ], [ 16.36764367, 48.20984785 ], [ 16.36769451, 48.20981654 ], [ 16.36792771, 48.20998179 ], [ 16.36790748, 48.20999436 ] ] ] } },
{ "type": "Feature", "properties": { "id": "FUSSGEHERZONEOGD.1692374", "OBJECTID": 1692374, "ADRESSE": "1., Bognergasse", "ZEITRAUM": "Mo .- Sa. (werkt.) v. 6-10:30h", "AUSN_TEXT": "ausgen. Mo. - Sa. (werkt.) v. 6 -10:30h Zufahrt zur Ladetätigkeit mit Fahrzeugen bis 18t höchstzul. Gesamtgewicht und Taxi zum Aus- und Einsteigen sowie ausgen. Fahrräder", "WEBLINK1": "http://www.wien.gv.at/verkehr/verkehrssicherheit/massnahmen/index.html", "SE_ANNO_CAD_DATA": null }, "geometry": { "type": "Polygon", "coordinates": [ [ [ 16.36866587, 48.21004017 ], [ 16.36857725, 48.21010697 ], [ 16.36855281, 48.21010816 ], [ 16.36853521, 48.21011151 ], [ 16.3685174, 48.21011748 ], [ 16.36850012, 48.21012715 ], [ 16.36805508, 48.21036199 ], [ 16.36784499, 48.21050521 ], [ 16.36761071, 48.21050985 ], [ 16.36771255, 48.21037974 ], [ 16.36773906, 48.21037792 ], [ 16.36792818, 48.21024796 ], [ 16.36816831, 48.21012236 ], [ 16.36843382, 48.20996913 ], [ 16.36849745, 48.20992447 ], [ 16.36866587, 48.21004017 ] ] ] } },
{ "type": "Feature", "properties": { "id": "FUSSGEHERZONEOGD.1692375", "OBJECTID": 1692375, "ADRESSE": "1., Tuchlauben", "ZEITRAUM": "Mo .- Sa. (werkt.) v. 6-10:30h", "AUSN_TEXT": "ausgen. Mo. - Sa. (werkt.) v. 6 -10:30h Zufahrt zur Ladetätigkeit mit Fahrzeugen bis 18t höchstzul. Gesamtgewicht und Taxi zum Aus- und Einsteigen sowie ausgen. Fahrräder", "WEBLINK1": "http://www.wien.gv.at/verkehr/verkehrssicherheit/massnahmen/index.html", "SE_ANNO_CAD_DATA": null }, "geometry": { "type": "Polygon", "coordinates": [ [ [ 16.36975664, 48.20998255 ], [ 16.36965634, 48.21010361 ], [ 16.36959394, 48.2100716 ], [ 16.36948991, 48.21002586 ], [ 16.36949515, 48.21002118 ], [ 16.36941014, 48.20997505 ], [ 16.36931408, 48.20992816 ], [ 16.36925186, 48.20990085 ], [ 16.36913822, 48.20985212 ], [ 16.36905613, 48.20982336 ], [ 16.3690443, 48.20983821 ], [ 16.36892968, 48.20978773 ], [ 16.36900517, 48.20970305 ], [ 16.36922255, 48.20979643 ], [ 16.36955704, 48.20993405 ], [ 16.36959075, 48.20991044 ], [ 16.36975664, 48.20998255 ] ] ] } },
{ "type": "Feature", "properties": { "id": "FUSSGEHERZONEOGD.1692376", "OBJECTID": 1692376, "ADRESSE": "1., Tuchlauben", "ZEITRAUM": "Mo .- Sa. (werkt.) v. 6-10:30h", "AUSN_TEXT": "ausgen. Mo. - Sa. (werkt.) v. 6 -10:30h Zufahrt zur Ladetätigkeit mit Fahrzeugen bis 18t höchstzul. Gesamtgewicht und Taxi zum Aus- und Einsteigen", "WEBLINK1": "http://www.wien.gv.at/verkehr/verkehrssicherheit/massnahmen/index.html", "SE_ANNO_CAD_DATA": null }, "geometry": { "type": "Polygon", "coordinates": [ [ [ 16.36859346, 48.20965225 ], [ 16.36861888, 48.20963525 ], [ 16.36873145, 48.20956687 ], [ 16.36900802, 48.20970115 ], [ 16.36893253, 48.20978583 ], [ 16.36868348, 48.20972927 ], [ 16.36859346, 48.20965225 ] ] ] } },
{ "type": "Feature", "properties": { "id": "FUSSGEHERZONEOGD.1692377", "OBJECTID": 1692377, "ADRESSE": "1., Seitzergasse", "ZEITRAUM": "Mo .- Sa. (werkt.) v. 6-10:30h", "AUSN_TEXT": "ausgen. Mo. - Sa. (werkt.) v. 6 -10:30h Zufahrt zur Ladetätigkeit mit Fahrzeugen bis 18t höchstzul. Gesamtgewicht und Taxi zum Aus- und Einsteigen sowie ausgen. Fahrräder", "WEBLINK1": "http://www.wien.gv.at/verkehr/verkehrssicherheit/massnahmen/index.html", "SE_ANNO_CAD_DATA": null }, "geometry": { "type": "Polygon", "coordinates": [ [ [ 16.36857725, 48.21010697 ], [ 16.36874221, 48.20998262 ], [ 16.36878102, 48.21008598 ], [ 16.36878942, 48.2100848 ], [ 16.36890873, 48.2102623 ], [ 16.36905253, 48.21047266 ], [ 16.36890972, 48.2105191 ], [ 16.36865967, 48.21015166 ], [ 16.36865033, 48.21013818 ], [ 16.36864209, 48.21013026 ], [ 16.36863178, 48.21012273 ], [ 16.36861945, 48.21011636 ], [ 16.36860209, 48.21011043 ], [ 16.36857725, 48.21010697 ] ] ] } },
{ "type": "Feature", "properties": { "id": "FUSSGEHERZONEOGD.1692378", "OBJECTID": 1692378, "ADRESSE": "1., Jasomirgottstraße", "ZEITRAUM": "Mo .- Sa. (werkt.) v. 6-10:30h", "AUSN_TEXT": "ausgen. Mo. - Sa. (werkt.) v. 6 -10:30h Zufahrt zur Ladetätigkeit mit Fahrzeugen bis 18t höchstzul. Gesamtgewicht und Taxi zum Aus- und Einsteigen", "WEBLINK1": "http://www.wien.gv.at/verkehr/verkehrssicherheit/massnahmen/index.html", "SE_ANNO_CAD_DATA": null }, "geometry": { "type": "Polygon", "coordinates": [ [ [ 16.3723268, 48.20893195 ], [ 16.37220919, 48.20898766 ], [ 16.372126, 48.20890141 ], [ 16.37224144, 48.20884816 ], [ 16.3723268, 48.20893195 ] ] ] } },
{ "type": "Feature", "properties": { "id": "FUSSGEHERZONEOGD.1692379", "OBJECTID": 1692379, "ADRESSE": "1., Seitenstettengasse", "ZEITRAUM": null, "AUSN_TEXT": null, "WEBLINK1": "http://www.wien.gv.at/verkehr/verkehrssicherheit/massnahmen/index.html", "SE_ANNO_CAD_DATA": null }, "geometry": { "type": "Polygon", "coordinates": [ [ [ 16.37526106, 48.21168165 ], [ 16.37516544, 48.21174086 ], [ 16.37507837, 48.21172416 ], [ 16.37456142, 48.21173486 ], [ 16.37447263, 48.21175359 ], [ 16.37422661, 48.21180787 ], [ 16.37417487, 48.21182025 ], [ 16.37411755, 48.21176118 ], [ 16.37454025, 48.21166868 ], [ 16.37496513, 48.21166032 ], [ 16.37506581, 48.21165825 ], [ 16.37506582, 48.21167524 ], [ 16.37511776, 48.2116791 ], [ 16.37526106, 48.21168165 ] ] ] } },
{ "type": "Feature", "properties": { "id": "FUSSGEHERZONEOGD.1692369", "OBJECTID": 1692369, "ADRESSE": "3., Rechte Bahngasse ggü. 10-12", "ZEITRAUM": null, "AUSN_TEXT": "ausgen. Fahrräder", "WEBLINK1": "http://www.wien.gv.at/verkehr/verkehrssicherheit/massnahmen/index.html", "SE_ANNO_CAD_DATA": null }, "geometry": { "type": "Polygon", "coordinates": [ [ [ 16.38425128, 48.20204043 ], [ 16.38440038, 48.20152991 ], [ 16.38454746, 48.20154786 ], [ 16.38442052, 48.20206098 ], [ 16.38425128, 48.20204043 ] ] ] } },
{ "type": "Feature", "properties": { "id": "FUSSGEHERZONEOGD.1692380", "OBJECTID": 1692380, "ADRESSE": "1., Rathausplatz", "ZEITRAUM": null, "AUSN_TEXT": "ausgen. Ladetätigkeit mit Lastfahrzeugen von 6 - 8 h", "WEBLINK1": "http://www.wien.gv.at/verkehr/verkehrssicherheit/massnahmen/index.html", "SE_ANNO_CAD_DATA": null }, "geometry": { "type": "Polygon", "coordinates": [ [ [ 16.35834358, 48.21140991 ], [ 16.3582736, 48.21116343 ], [ 16.35845991, 48.21113486 ], [ 16.35821111, 48.21027607 ], [ 16.35801313, 48.21030206 ], [ 16.35794315, 48.21005039 ], [ 16.35829152, 48.20993858 ], [ 16.35830802, 48.20999583 ], [ 16.35832747, 48.21006329 ], [ 16.35839347, 48.21006847 ], [ 16.35859146, 48.21011773 ], [ 16.35880501, 48.21021369 ], [ 16.35885549, 48.21025 ], [ 16.35890985, 48.21028372 ], [ 16.35903025, 48.21039786 ], [ 16.35905356, 48.21043937 ], [ 16.36003563, 48.21030944 ], [ 16.36004169, 48.21025937 ], [ 16.36006516, 48.21021332 ], [ 16.36011836, 48.21018297 ], [ 16.36017531, 48.21017189 ], [ 16.3603425, 48.21073749 ], [ 16.36026891, 48.21074168 ], [ 16.36019845, 48.21072182 ], [ 16.36015774, 48.21068834 ], [ 16.36013671, 48.21063634 ], [ 16.35915076, 48.21077147 ], [ 16.35915854, 48.21081817 ], [ 16.35910426, 48.2109557 ], [ 16.3590771, 48.21099981 ], [ 16.35904994, 48.21104912 ], [ 16.35891025, 48.21118666 ], [ 16.35874725, 48.2112801 ], [ 16.35868903, 48.21130346 ], [ 16.35870846, 48.21136054 ], [ 16.35871971, 48.21139361 ], [ 16.35834358, 48.21140991 ] ] ] } },
{ "type": "Feature", "properties": { "id": "FUSSGEHERZONEOGD.1692381", "OBJECTID": 1692381, "ADRESSE": "1., Naglergasse", "ZEITRAUM": "Mo .- Sa. (werkt.) v. 6-10:30h", "AUSN_TEXT": "ausgen. Mo. - Sa. (werkt.) v. 6 -10:30h Zufahrt zur Ladetätigkeit mit Fahrzeugen bis 18t höchstzul. Gesamtgewicht und Taxi zum Aus- und Einsteigen", "WEBLINK1": "http://www.wien.gv.at/verkehr/verkehrssicherheit/massnahmen/index.html", "SE_ANNO_CAD_DATA": null }, "geometry": { "type": "Polygon", "coordinates": [ [ [ 16.36791582, 48.20998917 ], [ 16.36792771, 48.20998179 ], [ 16.36812143, 48.20985871 ], [ 16.36841436, 48.20968061 ], [ 16.36857364, 48.20958427 ], [ 16.36861888, 48.20963525 ], [ 16.36859346, 48.20965225 ], [ 16.36858297, 48.20965162 ], [ 16.36827807, 48.20984578 ], [ 16.36802804, 48.21000431 ], [ 16.36798188, 48.21003329 ], [ 16.36791582, 48.20998917 ] ] ] } },
{ "type": "Feature", "properties": { "id": "FUSSGEHERZONEOGD.1692382", "OBJECTID": 1692382, "ADRESSE": "1., Naglergasse", "ZEITRAUM": "Mo .- Sa. (werkt.) v. 6-10:30h", "AUSN_TEXT": "ausgen. Mo. - Sa. (werkt.) v. 6 -10:30h Zufahrt zur Ladetätigkeit mit Fahrzeugen bis 18t höchstzul. Gesamtgewicht und Taxi zum Aus- und Einsteigen", "WEBLINK1": "http://www.wien.gv.at/verkehr/verkehrssicherheit/massnahmen/index.html", "SE_ANNO_CAD_DATA": null }, "geometry": { "type": "Polygon", "coordinates": [ [ [ 16.3674428, 48.21028287 ], [ 16.3674522, 48.21027661 ], [ 16.36750371, 48.21024359 ], [ 16.36753034, 48.21022703 ], [ 16.36781871, 48.21005069 ], [ 16.36790748, 48.20999436 ], [ 16.36791582, 48.20998917 ], [ 16.36798188, 48.21003329 ], [ 16.36779845, 48.21014845 ], [ 16.36759192, 48.21028224 ], [ 16.36751306, 48.21033097 ], [ 16.3674428, 48.21028287 ] ] ] } },
{ "type": "Feature", "properties": { "id": "FUSSGEHERZONEOGD.1692383", "OBJECTID": 1692383, "ADRESSE": "1., Bognergasse", "ZEITRAUM": "Mo .- Sa. (werkt.) v. 6-10:30h", "AUSN_TEXT": "ausgen. Mo. - Sa. (werkt.) v. 6 -10:30h Zufahrt zur Ladetätigkeit mit Fahrzeugen bis 18t höchstzul. Gesamtgewicht und Taxi zum Aus- und Einsteigen sowie ausgen. Fahrräder", "WEBLINK1": "http://www.wien.gv.at/verkehr/verkehrssicherheit/massnahmen/index.html", "SE_ANNO_CAD_DATA": null }, "geometry": { "type": "Polygon", "coordinates": [ [ [ 16.36849745, 48.20992447 ], [ 16.36856252, 48.2098788 ], [ 16.36863629, 48.20981039 ], [ 16.36868348, 48.20972927 ], [ 16.36893253, 48.20978583 ], [ 16.36888088, 48.20979715 ], [ 16.36874221, 48.20998262 ], [ 16.36866587, 48.21004017 ], [ 16.36849745, 48.20992447 ] ] ] } },
{ "type": "Feature", "properties": { "id": "FUSSGEHERZONEOGD.1692384", "OBJECTID": 1692384, "ADRESSE": "1., Wallnerstraße", "ZEITRAUM": "Mo .- Sa. (werkt.) v. 6-10:30h", "AUSN_TEXT": "ausgen. Mo. - Sa. (werkt.) v. 6 -10:30h Zufahrt zur Ladetätigkeit mit Fahrzeugen bis 18t höchstzul. Gesamtgewicht und Taxi zum Aus- und Einsteigen", "WEBLINK1": "http://www.wien.gv.at/verkehr/verkehrssicherheit/massnahmen/index.html", "SE_ANNO_CAD_DATA": null }, "geometry": { "type": "Polygon", "coordinates": [ [ [ 16.3672661, 48.20938328 ], [ 16.36722346, 48.20938319 ], [ 16.36702162, 48.2095427 ], [ 16.36693381, 48.20948738 ], [ 16.3671787, 48.20932182 ], [ 16.3672661, 48.20938328 ] ] ] } },
{ "type": "Feature", "properties": { "id": "FUSSGEHERZONEOGD.1692385", "OBJECTID": 1692385, "ADRESSE": "10., Quellenstraße 64", "ZEITRAUM": "Mo. - Sa. (werkt.) von 6 - 10:30 h", "AUSN_TEXT": "ausgen. Mo.- Sa. (werkt.) von 6-10:30h die Zufahrt zur Ladetätigkeit, Taxi zum Aus- und Einsteigen ASTAX und Kraftfahrzeuge der Handelsvertreter", "WEBLINK1": "http://www.wien.gv.at/verkehr/verkehrssicherheit/massnahmen/index.html", "SE_ANNO_CAD_DATA": null }, "geometry": { "type": "Polygon", "coordinates": [ [ [ 16.37786031, 48.17545061 ], [ 16.37796431, 48.17520084 ], [ 16.37799037, 48.17522019 ], [ 16.37863002, 48.17517349 ], [ 16.37866316, 48.17538577 ], [ 16.37863888, 48.17538064 ], [ 16.37789504, 48.17543125 ], [ 16.37786031, 48.17545061 ] ] ] } },
{ "type": "Feature", "properties": { "id": "FUSSGEHERZONEOGD.1692386", "OBJECTID": 1692386, "ADRESSE": "10., Quellenstraße 66", "ZEITRAUM": "Mo. - Sa. (werkt.) von 6 - 10:30 h", "AUSN_TEXT": "ausgen. Mo.- Sa. (werkt.) von 6-10:30h die Zufahrt zur Ladetätigkeit, Taxi zum Aus- und Einsteigen ASTAX und Kraftfahrzeuge der Handelsvertreter", "WEBLINK1": "http://www.wien.gv.at/verkehr/verkehrssicherheit/massnahmen/index.html", "SE_ANNO_CAD_DATA": null }, "geometry": { "type": "Polygon", "coordinates": [ [ [ 16.37753905, 48.17548945 ], [ 16.37749561, 48.17546043 ], [ 16.37646814, 48.17553629 ], [ 16.37644193, 48.17532529 ], [ 16.37760544, 48.17524743 ], [ 16.37764478, 48.175234 ], [ 16.37753905, 48.17548945 ] ] ] } },
{ "type": "Feature", "properties": { "id": "FUSSGEHERZONEOGD.1692387", "OBJECTID": 1692387, "ADRESSE": "1., Hafnersteig", "ZEITRAUM": "Mo. - Sa. (werkt.) von 6 - 10:30 h", "AUSN_TEXT": "ausgen. Mo.- Sa. (werkt.) von 6-10:30h die Zufahrt zur Ladetätigkeit", "WEBLINK1": "http://www.wien.gv.at/verkehr/verkehrssicherheit/massnahmen/index.html", "SE_ANNO_CAD_DATA": null }, "geometry": { "type": "Polygon", "coordinates": [ [ [ 16.37719335, 48.21145426 ], [ 16.37700043, 48.21150091 ], [ 16.37702646, 48.21124703 ], [ 16.37703238, 48.2112419 ], [ 16.37702623, 48.21122278 ], [ 16.37718971, 48.21123172 ], [ 16.37718156, 48.21128507 ], [ 16.3771998, 48.21133669 ], [ 16.37717542, 48.21134147 ], [ 16.37719819, 48.21139471 ], [ 16.37717038, 48.2114 ], [ 16.37719335, 48.21145426 ] ] ] } },
{ "type": "Feature", "properties": { "id": "FUSSGEHERZONEOGD.1692388", "OBJECTID": 1692388, "ADRESSE": "18., Schulgasse", "ZEITRAUM": null, "AUSN_TEXT": null, "WEBLINK1": "http://www.wien.gv.at/verkehr/verkehrssicherheit/massnahmen/index.html", "SE_ANNO_CAD_DATA": null }, "geometry": { "type": "Polygon", "coordinates": [ [ [ 16.3390978, 48.22542126 ], [ 16.33918007, 48.22550477 ], [ 16.33887881, 48.2256347 ], [ 16.33880082, 48.22554119 ], [ 16.3390978, 48.22542126 ] ] ] } },
{ "type": "Feature", "properties": { "id": "FUSSGEHERZONEOGD.1692389", "OBJECTID": 1692389, "ADRESSE": "1., Desider-Friedmann-Platz", "ZEITRAUM": null, "AUSN_TEXT": null, "WEBLINK1": "http://www.wien.gv.at/verkehr/verkehrssicherheit/massnahmen/index.html", "SE_ANNO_CAD_DATA": null }, "geometry": { "type": "MultiPolygon", "coordinates": [ [ [ [ 16.37398341, 48.21162305 ], [ 16.37382364, 48.21153243 ], [ 16.37402307, 48.21141762 ], [ 16.37415347, 48.21149765 ], [ 16.37412971, 48.2115162 ], [ 16.37398341, 48.21162305 ] ] ], [ [ [ 16.37450369, 48.21187987 ], [ 16.37450454, 48.21188004 ], [ 16.37450536, 48.21188024 ], [ 16.37450615, 48.21188049 ], [ 16.37450693, 48.21188076 ], [ 16.37450768, 48.21188107 ], [ 16.3745084, 48.21188141 ], [ 16.37450908, 48.21188179 ], [ 16.37450972, 48.21188219 ], [ 16.37450369, 48.21187987 ] ] ] ] } },
{ "type": "Feature", "properties": { "id": "FUSSGEHERZONEOGD.1692390", "OBJECTID": 1692390, "ADRESSE": "6., Mariahilfer Straße", "ZEITRAUM": "Mo. - Sa. (werkt.) v. 6 - 13.00h", "AUSN_TEXT": "ausgen. die Zufahrt zur Ladetätigkeit, Taxi und Behindertentransporte zum Aus- u. Einsteigen sowie ausgen. Fahrräder", "WEBLINK1": "http://www.wien.gv.at/verkehr/verkehrssicherheit/massnahmen/index.html", "SE_ANNO_CAD_DATA": null }, "geometry": { "type": "Polygon", "coordinates": [ [ [ 16.35165592, 48.19881253 ], [ 16.35172263, 48.19883911 ], [ 16.35200349, 48.19894099 ], [ 16.35229244, 48.19904621 ], [ 16.35260494, 48.19916312 ], [ 16.35290845, 48.19927037 ], [ 16.35283631, 48.19936999 ], [ 16.35156946, 48.19890839 ], [ 16.35165592, 48.19881253 ] ] ] } },
{ "type": "Feature", "properties": { "id": "FUSSGEHERZONEOGD.1692391", "OBJECTID": 1692391, "ADRESSE": "6., Mariahilfer Straße", "ZEITRAUM": "Mo. - Sa. (werkt.) v. 6 - 13.00h", "AUSN_TEXT": "ausgen. die Zufahrt zur Ladetätigkeit, Taxi und Behindertentransporte zum Aus- u. Einsteigen sowie ausgen. Fahrräder", "WEBLINK1": "http://www.wien.gv.at/verkehr/verkehrssicherheit/massnahmen/index.html", "SE_ANNO_CAD_DATA": null }, "geometry": { "type": "Polygon", "coordinates": [ [ [ 16.35119977, 48.19862536 ], [ 16.35126174, 48.19864961 ], [ 16.35158183, 48.19878301 ], [ 16.35165592, 48.19881253 ], [ 16.35156946, 48.19890839 ], [ 16.35146105, 48.19886889 ], [ 16.35111238, 48.1987229 ], [ 16.35119977, 48.19862536 ] ] ] } },
{ "type": "Feature", "properties": { "id": "FUSSGEHERZONEOGD.1692392", "OBJECTID": 1692392, "ADRESSE": "6., Barnabitengasse", "ZEITRAUM": "(werkt.) von 6-10:30h", "AUSN_TEXT": "ausgen. Zufahrt zur Ladetätigkeit sowie Zufahrt zum Ladehof der Gruft Nr. 12a v. 15-19 h", "WEBLINK1": "http://www.wien.gv.at/verkehr/verkehrssicherheit/massnahmen/index.html", "SE_ANNO_CAD_DATA": null }, "geometry": { "type": "Polygon", "coordinates": [ [ [ 16.35326994, 48.19853956 ], [ 16.35343211, 48.19861159 ], [ 16.35341396, 48.19862654 ], [ 16.35354149, 48.19868638 ], [ 16.35349972, 48.1987152 ], [ 16.3532379, 48.19859948 ], [ 16.35320857, 48.19859948 ], [ 16.35320573, 48.19860069 ], [ 16.35326994, 48.19853956 ] ] ] } },
{ "type": "Feature", "properties": { "id": "FUSSGEHERZONEOGD.1692393", "OBJECTID": 1692393, "ADRESSE": "6., Barnabitengasse", "ZEITRAUM": "(werkt.) von 6-10:30h", "AUSN_TEXT": "ausgen. Zufahrt zur Ladetätigkeit sowie Zufahrt zum Ladehof der Gruft Nr. 12a v. 15-19 h", "WEBLINK1": "http://www.wien.gv.at/verkehr/verkehrssicherheit/massnahmen/index.html", "SE_ANNO_CAD_DATA": null }, "geometry": { "type": "Polygon", "coordinates": [ [ [ 16.35354149, 48.19868638 ], [ 16.35354531, 48.19868817 ], [ 16.35354581, 48.19868766 ], [ 16.3536554, 48.1987456 ], [ 16.35347832, 48.1988806 ], [ 16.35342382, 48.19885818 ], [ 16.35348667, 48.19879933 ], [ 16.35344335, 48.19877879 ], [ 16.353502, 48.1987162 ], [ 16.35349972, 48.1987152 ], [ 16.35354149, 48.19868638 ] ] ] } },
{ "type": "Feature", "properties": { "id": "FUSSGEHERZONEOGD.1692394", "OBJECTID": 1692394, "ADRESSE": "6., Barnabitengasse", "ZEITRAUM": "(werkt.) von 6-10:30h", "AUSN_TEXT": "ausgen. Zufahrt zur Ladetätigkeit sowie Zufahrt zum Ladehof der Gruft Nr. 12a v. 15-19 h", "WEBLINK1": "http://www.wien.gv.at/verkehr/verkehrssicherheit/massnahmen/index.html", "SE_ANNO_CAD_DATA": null }, "geometry": { "type": "Polygon", "coordinates": [ [ [ 16.35320573, 48.19860069 ], [ 16.35317364, 48.19861443 ], [ 16.35311218, 48.19867795 ], [ 16.35304763, 48.19865217 ], [ 16.35306048, 48.19864994 ], [ 16.35306187, 48.19862753 ], [ 16.35304789, 48.19862472 ], [ 16.35314985, 48.1985285 ], [ 16.35318199, 48.19852569 ], [ 16.35319876, 48.19850794 ], [ 16.35326994, 48.19853956 ], [ 16.35320573, 48.19860069 ] ] ] } },
{ "type": "Feature", "properties": { "id": "FUSSGEHERZONEOGD.1692395", "OBJECTID": 1692395, "ADRESSE": "6., Loquaiplatz", "ZEITRAUM": "Mo.-Fr. (werkt.) von 6-10.30h", "AUSN_TEXT": "ausgen. Ladetätigkeit, sowie ausgen. Taxi und Behindertentransporte", "WEBLINK1": "http://www.wien.gv.at/verkehr/verkehrssicherheit/massnahmen/index.html", "SE_ANNO_CAD_DATA": null }, "geometry": { "type": "Polygon", "coordinates": [ [ [ 16.34781249, 48.19522899 ], [ 16.34781244, 48.19523062 ], [ 16.34783122, 48.19524317 ], [ 16.34819146, 48.1954222 ], [ 16.34820513, 48.19540898 ], [ 16.34825996, 48.19543769 ], [ 16.34818488, 48.19549837 ], [ 16.34775107, 48.19528239 ], [ 16.34781249, 48.19522899 ] ] ] } },
{ "type": "Feature", "properties": { "id": "FUSSGEHERZONEOGD.1692396", "OBJECTID": 1692396, "ADRESSE": "10., Favoritenstraße", "ZEITRAUM": null, "AUSN_TEXT": null, "WEBLINK1": "http://www.wien.gv.at/verkehr/verkehrssicherheit/massnahmen/index.html", "SE_ANNO_CAD_DATA": null }, "geometry": { "type": "Polygon", "coordinates": [ [ [ 16.37604329, 48.17915672 ], [ 16.37607825, 48.17909111 ], [ 16.37629691, 48.17854844 ], [ 16.37633302, 48.17855648 ], [ 16.37637387, 48.17845665 ], [ 16.37631367, 48.17844217 ], [ 16.37632086, 48.17839871 ], [ 16.37649902, 48.17843084 ], [ 16.37660956, 48.17816353 ], [ 16.37657825, 48.17815066 ], [ 16.37651807, 48.17814585 ], [ 16.37677563, 48.17811357 ], [ 16.37633591, 48.17917474 ], [ 16.37631502, 48.17922992 ], [ 16.37604329, 48.17915672 ] ] ] } },
{ "type": "Feature", "properties": { "id": "FUSSGEHERZONEOGD.1692397", "OBJECTID": 1692397, "ADRESSE": "10., Favoritenstraße", "ZEITRAUM": "Mo. - Sa. (werkt.) von 6 - 10:30 h", "AUSN_TEXT": "ausgen. Mo.- Sa. (werkt.) von 6-10:30h die Zufahrt zur Ladetätigkeit, Taxi zum Aus- und Einsteigen und Kraftfahrzeuge der Handelsvertreter", "WEBLINK1": "http://www.wien.gv.at/verkehr/verkehrssicherheit/massnahmen/index.html", "SE_ANNO_CAD_DATA": null }, "geometry": { "type": "Polygon", "coordinates": [ [ [ 16.37590486, 48.18023919 ], [ 16.37588899, 48.18027972 ], [ 16.3755235, 48.1811512 ], [ 16.37523943, 48.18116096 ], [ 16.37561189, 48.18025598 ], [ 16.37563378, 48.18019763 ], [ 16.37576549, 48.18021342 ], [ 16.37590486, 48.18023919 ] ] ] } },
{ "type": "Feature", "properties": { "id": "FUSSGEHERZONEOGD.1692398", "OBJECTID": 1692398, "ADRESSE": "10., Favoritenstraße", "ZEITRAUM": "Mo. - Sa. (werkt.) von 6 - 10:30 h", "AUSN_TEXT": "ausgen. Mo.- Sa. (werkt.) von 6-10:30h die Zufahrt zur Ladetätigkeit, Taxi zum Aus- und Einsteigen und Kraftfahrzeuge der Handelsvertreter", "WEBLINK1": "http://www.wien.gv.at/verkehr/verkehrssicherheit/massnahmen/index.html", "SE_ANNO_CAD_DATA": null }, "geometry": { "type": "Polygon", "coordinates": [ [ [ 16.37791225, 48.17532588 ], [ 16.37759575, 48.17535246 ], [ 16.37764884, 48.17522419 ], [ 16.37782503, 48.17477304 ], [ 16.37816365, 48.17472452 ], [ 16.37796431, 48.17520084 ], [ 16.37791225, 48.17532588 ] ] ] } },
{ "type": "Feature", "properties": { "id": "FUSSGEHERZONEOGD.1692399", "OBJECTID": 1692399, "ADRESSE": "10., Favoritenstraße", "ZEITRAUM": "Mo. - Sa. (werkt.) von 6 - 10:30 h", "AUSN_TEXT": "ausgen. Mo.- Sa. (werkt.) von 6-10:30h die Zufahrt zur Ladetätigkeit, Taxi zum Aus- und Einsteigen und Kraftfahrzeuge der Handelsvertreter", "WEBLINK1": "http://www.wien.gv.at/verkehr/verkehrssicherheit/massnahmen/index.html", "SE_ANNO_CAD_DATA": null }, "geometry": { "type": "Polygon", "coordinates": [ [ [ 16.37748902, 48.17636628 ], [ 16.37717894, 48.17638259 ], [ 16.37720222, 48.17631236 ], [ 16.37753905, 48.17548945 ], [ 16.37759575, 48.17535246 ], [ 16.37791225, 48.17532588 ], [ 16.37786031, 48.17545061 ], [ 16.37752521, 48.17627024 ], [ 16.37752523, 48.17628379 ], [ 16.37748902, 48.17636628 ] ] ] } },
{ "type": "Feature", "properties": { "id": "FUSSGEHERZONEOGD.1692400", "OBJECTID": 1692400, "ADRESSE": "10., Favoritenstraße", "ZEITRAUM": "Mo. - Sa. (werkt.) von 6 - 10:30 h", "AUSN_TEXT": "ausgen. Mo.- Sa. (werkt.) von 6-10:30h die Zufahrt zur Ladetätigkeit, Taxi zum Aus- und Einsteigen und Kraftfahrzeuge der Handelsvertreter", "WEBLINK1": "http://www.wien.gv.at/verkehr/verkehrssicherheit/massnahmen/index.html", "SE_ANNO_CAD_DATA": null }, "geometry": { "type": "Polygon", "coordinates": [ [ [ 16.37722925, 48.17700533 ], [ 16.3769172, 48.17702732 ], [ 16.37693324, 48.17698954 ], [ 16.37716179, 48.17643434 ], [ 16.37717894, 48.17638259 ], [ 16.37748902, 48.17636628 ], [ 16.37745299, 48.17644837 ], [ 16.37726233, 48.17691501 ], [ 16.37722925, 48.17700533 ] ] ] } },
{ "type": "Feature", "properties": { "id": "FUSSGEHERZONEOGD.1692401", "OBJECTID": 1692401, "ADRESSE": "22., Seestadtpromenade", "ZEITRAUM": null, "AUSN_TEXT": "ausgen. Fahrräder", "WEBLINK1": "http://www.wien.gv.at/verkehr/verkehrssicherheit/massnahmen/index.html", "SE_ANNO_CAD_DATA": null }, "geometry": { "type": "Polygon", "coordinates": [ [ [ 16.51108209, 48.22628065 ], [ 16.51110885, 48.22631906 ], [ 16.50824903, 48.22687307 ], [ 16.50826397, 48.22680629 ], [ 16.51108209, 48.22628065 ] ] ] } },
{ "type": "Feature", "properties": { "id": "FUSSGEHERZONEOGD.1692402", "OBJECTID": 1692402, "ADRESSE": "1., Unbekannte Verkehrsfläch", "ZEITRAUM": null, "AUSN_TEXT": null, "WEBLINK1": "http://www.wien.gv.at/verkehr/verkehrssicherheit/massnahmen/index.html", "SE_ANNO_CAD_DATA": null }, "geometry": { "type": "Polygon", "coordinates": [ [ [ 16.37533728, 48.21149999 ], [ 16.37534941, 48.21150021 ], [ 16.37568254, 48.21140007 ], [ 16.37571486, 48.2114566 ], [ 16.37534111, 48.21156913 ], [ 16.37533728, 48.21149999 ] ] ] } },
{ "type": "Feature", "properties": { "id": "FUSSGEHERZONEOGD.1692403", "OBJECTID": 1692403, "ADRESSE": "16., Degengasse 56", "ZEITRAUM": null, "AUSN_TEXT": "ausg. Zufahrt zu den genehmigten Stellplätzen", "WEBLINK1": "http://www.wien.gv.at/verkehr/verkehrssicherheit/massnahmen/index.html", "SE_ANNO_CAD_DATA": null }, "geometry": { "type": "Polygon", "coordinates": [ [ [ 16.31097977, 48.21606915 ], [ 16.31060123, 48.21612733 ], [ 16.31054003, 48.21596325 ], [ 16.31091853, 48.21590584 ], [ 16.31097977, 48.21606915 ] ] ] } },
{ "type": "Feature", "properties": { "id": "FUSSGEHERZONEOGD.1692404", "OBJECTID": 1692404, "ADRESSE": "22., Lina-Bo-Bardi-Platz", "ZEITRAUM": null, "AUSN_TEXT": "ausgenommen Mo.-Sa. (werkt.) von 6 - 10:30 h Zufahrt zur Ladetätigkeit sowie Fahrräder", "WEBLINK1": "http://www.wien.gv.at/verkehr/verkehrssicherheit/massnahmen/index.html", "SE_ANNO_CAD_DATA": null }, "geometry": { "type": "Polygon", "coordinates": [ [ [ 16.50888179, 48.22784199 ], [ 16.50852191, 48.22696438 ], [ 16.50912896, 48.22685304 ], [ 16.5091872, 48.22698806 ], [ 16.50923534, 48.22709869 ], [ 16.50919978, 48.22710593 ], [ 16.5094942, 48.22775816 ], [ 16.50925441, 48.22780712 ], [ 16.50888179, 48.22784199 ] ] ] } },
{ "type": "Feature", "properties": { "id": "FUSSGEHERZONEOGD.1692405", "OBJECTID": 1692405, "ADRESSE": "1., Mölker Bastei", "ZEITRAUM": null, "AUSN_TEXT": null, "WEBLINK1": "http://www.wien.gv.at/verkehr/verkehrssicherheit/massnahmen/index.html", "SE_ANNO_CAD_DATA": null }, "geometry": { "type": "Polygon", "coordinates": [ [ [ 16.3620064, 48.2124051 ], [ 16.36212693, 48.2123997 ], [ 16.36284503, 48.21278983 ], [ 16.36277809, 48.21284356 ], [ 16.36259322, 48.21275408 ], [ 16.36262266, 48.21273617 ], [ 16.36203856, 48.21243195 ], [ 16.3620064, 48.2124051 ] ] ] } },
{ "type": "Feature", "properties": { "id": "FUSSGEHERZONEOGD.1692406", "OBJECTID": 1692406, "ADRESSE": "1., Mölkersteig", "ZEITRAUM": null, "AUSN_TEXT": null, "WEBLINK1": "http://www.wien.gv.at/verkehr/verkehrssicherheit/massnahmen/index.html", "SE_ANNO_CAD_DATA": null }, "geometry": { "type": "Polygon", "coordinates": [ [ [ 16.36263697, 48.21218934 ], [ 16.3627069, 48.21220179 ], [ 16.36274188, 48.2122454 ], [ 16.36290507, 48.21229678 ], [ 16.36276068, 48.21253984 ], [ 16.36296118, 48.21261613 ], [ 16.36293556, 48.21266287 ], [ 16.36259285, 48.21254455 ], [ 16.36278392, 48.21240274 ], [ 16.36279089, 48.21236535 ], [ 16.36276523, 48.21233264 ], [ 16.36260434, 48.21220493 ], [ 16.36263697, 48.21218934 ] ] ] } },
{ "type": "Feature", "properties": { "id": "FUSSGEHERZONEOGD.1692407", "OBJECTID": 1692407, "ADRESSE": "1., Schreyvogelgassse", "ZEITRAUM": null, "AUSN_TEXT": null, "WEBLINK1": "http://www.wien.gv.at/verkehr/verkehrssicherheit/massnahmen/index.html", "SE_ANNO_CAD_DATA": null }, "geometry": { "type": "MultiPolygon", "coordinates": [ [ [ [ 16.36288809, 48.21190033 ], [ 16.36297, 48.21193613 ], [ 16.362933, 48.21198416 ], [ 16.36288628, 48.21202103 ], [ 16.36278608, 48.21208805 ], [ 16.36273717, 48.21214881 ], [ 16.3627069, 48.21220179 ], [ 16.36263697, 48.21218934 ], [ 16.36259499, 48.21214106 ], [ 16.36212693, 48.2123997 ], [ 16.3620064, 48.2124051 ], [ 16.36205199, 48.21235461 ], [ 16.36253669, 48.21209434 ], [ 16.36273012, 48.21204444 ], [ 16.3628443, 48.21197742 ], [ 16.36288809, 48.21190033 ] ] ], [ [ [ 16.36288621, 48.21189952 ], [ 16.36288855, 48.21189951 ], [ 16.36288809, 48.21190033 ], [ 16.36288621, 48.21189952 ] ] ] ] } },
{ "type": "Feature", "properties": { "id": "FUSSGEHERZONEOGD.1692408", "OBJECTID": 1692408, "ADRESSE": "16., Brunnengasse", "ZEITRAUM": "Mo. - Fr. (werkt.) v.00.00 - 8.00 u. 9.30 - 24.00h; Mo. - Fr. (werkt.) v.00.00 - 18.30 u. 20.00 - 24.00h; Sa. (werkt.) v. 00.00 - 16:30 u.17:30 - 24.00h; So.- u. Feiertag 00.00 -24.00h", "AUSN_TEXT": "ausgen. Radfahrer sowie ausgen. Mo. - Fr. (werkt.) v. 8.00 - 9.30h; Mo. - Fr. (werkt.) v. 18.30 - 20.00h; Sa. (werkt.) v. 16:30 - 17:30h; Zufahrt zur Ladetätigkeit mit Bewilligung der MA59", "WEBLINK1": "http://www.wien.gv.at/verkehr/verkehrssicherheit/massnahmen/index.html", "SE_ANNO_CAD_DATA": null }, "geometry": { "type": "Polygon", "coordinates": [ [ [ 16.33645493, 48.21315504 ], [ 16.3366614, 48.21317035 ], [ 16.33692706, 48.21394416 ], [ 16.336723, 48.21394852 ], [ 16.33650525, 48.21330017 ], [ 16.33645493, 48.21315504 ] ] ] } },
{ "type": "Feature", "properties": { "id": "FUSSGEHERZONEOGD.1692409", "OBJECTID": 1692409, "ADRESSE": "1., Ruprechtsplatz", "ZEITRAUM": null, "AUSN_TEXT": null, "WEBLINK1": "http://www.wien.gv.at/verkehr/verkehrssicherheit/massnahmen/index.html", "SE_ANNO_CAD_DATA": null }, "geometry": { "type": "MultiPolygon", "coordinates": [ [ [ [ 16.37430334, 48.21226312 ], [ 16.37407159, 48.21202487 ], [ 16.37402406, 48.21197659 ], [ 16.374109, 48.21193968 ], [ 16.37423175, 48.21189888 ], [ 16.37428139, 48.21188217 ], [ 16.37452238, 48.21182174 ], [ 16.37466683, 48.21198016 ], [ 16.37461829, 48.21200883 ], [ 16.3746435, 48.21202738 ], [ 16.37463, 48.21203845 ], [ 16.37462072, 48.21203188 ], [ 16.374531, 48.21207265 ], [ 16.37453733, 48.21207859 ], [ 16.37430342, 48.21218487 ], [ 16.37432429, 48.21220546 ], [ 16.37432886, 48.21220348 ], [ 16.37436145, 48.21223585 ], [ 16.37434114, 48.21224728 ], [ 16.37430334, 48.21226312 ] ], [ [ 16.37430443, 48.21210762 ], [ 16.37459538, 48.21197398 ], [ 16.37459576, 48.21194457 ], [ 16.37457408, 48.2119202 ], [ 16.37451473, 48.21190512 ], [ 16.37449816, 48.21188875 ], [ 16.37446291, 48.21188454 ], [ 16.37420263, 48.2120045 ], [ 16.37430443, 48.21210762 ] ] ] ] } },
{ "type": "Feature", "properties": { "id": "FUSSGEHERZONEOGD.1692410", "OBJECTID": 1692410, "ADRESSE": "16., Deinhardstraße", "ZEITRAUM": null, "AUSN_TEXT": null, "WEBLINK1": "http://www.wien.gv.at/verkehr/verkehrssicherheit/massnahmen/index.html", "SE_ANNO_CAD_DATA": null }, "geometry": { "type": "Polygon", "coordinates": [ [ [ 16.32903578, 48.2125089 ], [ 16.32888682, 48.21251519 ], [ 16.32888012, 48.21233721 ], [ 16.32900284, 48.21230736 ], [ 16.32901465, 48.21249694 ], [ 16.32903578, 48.2125089 ] ] ] } },
{ "type": "Feature", "properties": { "id": "FUSSGEHERZONEOGD.1692411", "OBJECTID": 1692411, "ADRESSE": "1., Salzgasse", "ZEITRAUM": null, "AUSN_TEXT": null, "WEBLINK1": "http://www.wien.gv.at/verkehr/verkehrssicherheit/massnahmen/index.html", "SE_ANNO_CAD_DATA": null }, "geometry": { "type": "Polygon", "coordinates": [ [ [ 16.37402406, 48.21197659 ], [ 16.37407159, 48.21202487 ], [ 16.37406702, 48.21202451 ], [ 16.37379092, 48.21221508 ], [ 16.37375254, 48.21217426 ], [ 16.37402406, 48.21197659 ] ] ] } },
{ "type": "Feature", "properties": { "id": "FUSSGEHERZONEOGD.1692412", "OBJECTID": 1692412, "ADRESSE": "21., Simmelgasse", "ZEITRAUM": "von 8.00 -11.00h", "AUSN_TEXT": "ausgen. Ladetätigkeit, sowie Fahrräder", "WEBLINK1": "http://www.wien.gv.at/verkehr/verkehrssicherheit/massnahmen/index.html", "SE_ANNO_CAD_DATA": null }, "geometry": { "type": "Polygon", "coordinates": [ [ [ 16.42847881, 48.2767186 ], [ 16.42869049, 48.27764853 ], [ 16.42850113, 48.27767127 ], [ 16.42825329, 48.27673879 ], [ 16.42847881, 48.2767186 ] ] ] } },
{ "type": "Feature", "properties": { "id": "FUSSGEHERZONEOGD.1692413", "OBJECTID": 1692413, "ADRESSE": "21., Menzelstraße", "ZEITRAUM": "von 8.00 -11.00h", "AUSN_TEXT": "ausgen. Ladetätigkeit, sowie Fahrräder", "WEBLINK1": "http://www.wien.gv.at/verkehr/verkehrssicherheit/massnahmen/index.html", "SE_ANNO_CAD_DATA": null }, "geometry": { "type": "Polygon", "coordinates": [ [ [ 16.42817231, 48.27599116 ], [ 16.42793907, 48.27502486 ], [ 16.42792123, 48.2749533 ], [ 16.42789647, 48.27489451 ], [ 16.42785164, 48.27483636 ], [ 16.42779374, 48.27478828 ], [ 16.42773563, 48.27474733 ], [ 16.42769205, 48.27471175 ], [ 16.42763602, 48.27464633 ], [ 16.42773472, 48.27461504 ], [ 16.42781121, 48.27470558 ], [ 16.42789556, 48.27475997 ], [ 16.42793617, 48.27479277 ], [ 16.42797721, 48.27483851 ], [ 16.42801993, 48.27492454 ], [ 16.42803972, 48.27499116 ], [ 16.42827274, 48.27597709 ], [ 16.42817231, 48.27599116 ] ] ] } },
{ "type": "Feature", "properties": { "id": "FUSSGEHERZONEOGD.1692414", "OBJECTID": 1692414, "ADRESSE": "21., Marischkapromenade", "ZEITRAUM": null, "AUSN_TEXT": "ausgen. Fahrräder", "WEBLINK1": "http://www.wien.gv.at/verkehr/verkehrssicherheit/massnahmen/index.html", "SE_ANNO_CAD_DATA": null }, "geometry": { "type": "Polygon", "coordinates": [ [ [ 16.42862044, 48.2738201 ], [ 16.4293134, 48.27397481 ], [ 16.42926926, 48.27404692 ], [ 16.42858214, 48.27389393 ], [ 16.42862044, 48.2738201 ] ] ] } },
{ "type": "Feature", "properties": { "id": "FUSSGEHERZONEOGD.1692415", "OBJECTID": 1692415, "ADRESSE": "1., Judengasse", "ZEITRAUM": null, "AUSN_TEXT": null, "WEBLINK1": "http://www.wien.gv.at/verkehr/verkehrssicherheit/massnahmen/index.html", "SE_ANNO_CAD_DATA": null }, "geometry": { "type": "Polygon", "coordinates": [ [ [ 16.37405223, 48.21186039 ], [ 16.37410934, 48.21193996 ], [ 16.37402406, 48.21197659 ], [ 16.37397155, 48.2118869 ], [ 16.37405223, 48.21186039 ] ] ] } },
{ "type": "Feature", "properties": { "id": "FUSSGEHERZONEOGD.1692416", "OBJECTID": 1692416, "ADRESSE": "10., Bereich Bloch-Bauer-Promenade Nord", "ZEITRAUM": "Mo.-Sa. (werkt.) von 6 - 10:30 h", "AUSN_TEXT": "ausgenommen Mo.-Sa. (werkt.) von 6 - 10:30 h Zufahrt zur Ladetätigkeit, Taxi zum Aus- und Einsteigen und Kraftfahrzeuge der Handelsvertreter sowie ausgen. Fahrrad", "WEBLINK1": "http://www.wien.gv.at/verkehr/verkehrssicherheit/massnahmen/index.html", "SE_ANNO_CAD_DATA": null }, "geometry": { "type": "Polygon", "coordinates": [ [ [ 16.38387526, 48.18141093 ], [ 16.38378271, 48.18136575 ], [ 16.38395335, 48.1812134 ], [ 16.38420957, 48.18126564 ], [ 16.38462904, 48.18087047 ], [ 16.38429601, 48.18070273 ], [ 16.3844082, 48.18060644 ], [ 16.38496337, 48.18075136 ], [ 16.38451197, 48.18123934 ], [ 16.38466503, 48.18131066 ], [ 16.3845513, 48.18144205 ], [ 16.38436767, 48.18140025 ], [ 16.38418707, 48.18155832 ], [ 16.38405893, 48.18149461 ], [ 16.38387526, 48.18141093 ] ] ] } },
{ "type": "Feature", "properties": { "id": "FUSSGEHERZONEOGD.1692417", "OBJECTID": 1692417, "ADRESSE": "9., Galileigasse", "ZEITRAUM": null, "AUSN_TEXT": "ausgen. Fahrräder", "WEBLINK1": "http://www.wien.gv.at/verkehr/verkehrssicherheit/massnahmen/index.html", "SE_ANNO_CAD_DATA": null }, "geometry": { "type": "Polygon", "coordinates": [ [ [ 16.35394564, 48.22556047 ], [ 16.35408621, 48.22551738 ], [ 16.35413046, 48.22558509 ], [ 16.35412898, 48.22558545 ], [ 16.35413086, 48.22558833 ], [ 16.35414023, 48.22560261 ], [ 16.35414231, 48.22560577 ], [ 16.35414392, 48.22560532 ], [ 16.35421947, 48.22572123 ], [ 16.35421557, 48.22572222 ], [ 16.35428052, 48.22582121 ], [ 16.35428347, 48.2258257 ], [ 16.35429003, 48.2258357 ], [ 16.35429178, 48.22583516 ], [ 16.3543268, 48.22588912 ], [ 16.35432491, 48.22588966 ], [ 16.35432853, 48.22589523 ], [ 16.35433812, 48.22590997 ], [ 16.35434188, 48.22591574 ], [ 16.3543443, 48.22591529 ], [ 16.35438039, 48.22597122 ], [ 16.35433544, 48.22598931 ], [ 16.35429785, 48.22599956 ], [ 16.35429101, 48.22600142 ], [ 16.35428277, 48.22600371 ], [ 16.35425424, 48.22601188 ], [ 16.35419346, 48.22601864 ], [ 16.3541874, 48.22600956 ], [ 16.35418673, 48.22600956 ], [ 16.35416114, 48.22597089 ], [ 16.35416195, 48.22597053 ], [ 16.35415616, 48.22596154 ], [ 16.35415535, 48.22596172 ], [ 16.35412756, 48.22591897 ], [ 16.35411227, 48.22589544 ], [ 16.35408175, 48.22584849 ], [ 16.35407258, 48.22583438 ], [ 16.35406849, 48.22582809 ], [ 16.35406648, 48.22582854 ], [ 16.35406567, 48.22582702 ], [ 16.35406728, 48.22582666 ], [ 16.35406198, 48.22581854 ], [ 16.35405441, 48.22580695 ], [ 16.35404296, 48.22578943 ], [ 16.35403785, 48.22578161 ], [ 16.35396656, 48.22567253 ], [ 16.35396898, 48.22567199 ], [ 16.35395752, 48.22565436 ], [ 16.35395402, 48.22564898 ], [ 16.35395215, 48.22564609 ], [ 16.35395443, 48.22564519 ], [ 16.35395051, 48.22563918 ], [ 16.35393971, 48.22562259 ], [ 16.35393598, 48.22561687 ], [ 16.35393356, 48.22561759 ], [ 16.35391659, 48.22559178 ], [ 16.3539139, 48.22559232 ], [ 16.35390205, 48.22557414 ], [ 16.35394564, 48.22556047 ] ] ] } },
{ "type": "Feature", "properties": { "id": "FUSSGEHERZONEOGD.1692418", "OBJECTID": 1692418, "ADRESSE": "14., Meiselstraße 50", "ZEITRAUM": null, "AUSN_TEXT": "ausgen. Fahrräder", "WEBLINK1": "http://www.wien.gv.at/verkehr/verkehrssicherheit/massnahmen/index.html", "SE_ANNO_CAD_DATA": null }, "geometry": { "type": "Polygon", "coordinates": [ [ [ 16.31408826, 48.19811625 ], [ 16.31334901, 48.19816646 ], [ 16.31332026, 48.19799747 ], [ 16.31405956, 48.19794974 ], [ 16.31408826, 48.19811625 ] ] ] } },
{ "type": "Feature", "properties": { "id": "FUSSGEHERZONEOGD.1692419", "OBJECTID": 1692419, "ADRESSE": "1., Judengasse", "ZEITRAUM": null, "AUSN_TEXT": null, "WEBLINK1": "http://www.wien.gv.at/verkehr/verkehrssicherheit/massnahmen/index.html", "SE_ANNO_CAD_DATA": null }, "geometry": { "type": "Polygon", "coordinates": [ [ [ 16.37411755, 48.21176118 ], [ 16.37417488, 48.21182025 ], [ 16.37405223, 48.21186039 ], [ 16.37397155, 48.2118869 ], [ 16.37386227, 48.21171629 ], [ 16.37384567, 48.2116466 ], [ 16.37390998, 48.21157984 ], [ 16.37398341, 48.21162305 ], [ 16.37411755, 48.21176118 ] ] ] } },
{ "type": "Feature", "properties": { "id": "FUSSGEHERZONEOGD.1692420", "OBJECTID": 1692420, "ADRESSE": "16., Neulerchenfelder Straße", "ZEITRAUM": null, "AUSN_TEXT": "ausgen. Fahrräder", "WEBLINK1": "http://www.wien.gv.at/verkehr/verkehrssicherheit/massnahmen/index.html", "SE_ANNO_CAD_DATA": null }, "geometry": { "type": "Polygon", "coordinates": [ [ [ 16.32803248, 48.2125661 ], [ 16.32818201, 48.21255754 ], [ 16.32818413, 48.21264035 ], [ 16.32737455, 48.21269168 ], [ 16.32737882, 48.2126717 ], [ 16.3280154, 48.21253326 ], [ 16.32803248, 48.2125661 ] ] ] } },
{ "type": "Feature", "properties": { "id": "FUSSGEHERZONEOGD.1692421", "OBJECTID": 1692421, "ADRESSE": "16., Friedmanngasse", "ZEITRAUM": null, "AUSN_TEXT": "ausgen. Fahrräder", "WEBLINK1": "http://www.wien.gv.at/verkehr/verkehrssicherheit/massnahmen/index.html", "SE_ANNO_CAD_DATA": null }, "geometry": { "type": "Polygon", "coordinates": [ [ [ 16.32835436, 48.21263515 ], [ 16.32834547, 48.21254949 ], [ 16.32888929, 48.21251799 ], [ 16.3288964, 48.21259949 ], [ 16.32835436, 48.21263515 ] ] ] } },
{ "type": "Feature", "properties": { "id": "FUSSGEHERZONEOGD.1692422", "OBJECTID": 1692422, "ADRESSE": "1., Judengasse", "ZEITRAUM": "(werkt.) von 6-10:30 h", "AUSN_TEXT": "ausgen. (werkt.) von 6-10:30h die Zufahrt zur Ladetätigkeit", "WEBLINK1": "http://www.wien.gv.at/verkehr/verkehrssicherheit/massnahmen/index.html", "SE_ANNO_CAD_DATA": null }, "geometry": { "type": "Polygon", "coordinates": [ [ [ 16.37390998, 48.21157984 ], [ 16.37384567, 48.2116466 ], [ 16.37364522, 48.21148695 ], [ 16.3737197, 48.21144649 ], [ 16.37382264, 48.21153188 ], [ 16.37390998, 48.21157984 ] ] ] } },
{ "type": "Feature", "properties": { "id": "FUSSGEHERZONEOGD.1692423", "OBJECTID": 1692423, "ADRESSE": "2., Krakauer Straße", "ZEITRAUM": null, "AUSN_TEXT": "ausgen. Fahrräder", "WEBLINK1": "http://www.wien.gv.at/verkehr/verkehrssicherheit/massnahmen/index.html", "SE_ANNO_CAD_DATA": null }, "geometry": { "type": "Polygon", "coordinates": [ [ [ 16.39582117, 48.2268029 ], [ 16.39471826, 48.22623769 ], [ 16.39490193, 48.22608702 ], [ 16.39611562, 48.22672473 ], [ 16.39595927, 48.22685036 ], [ 16.39582117, 48.2268029 ] ] ] } },
{ "type": "Feature", "properties": { "id": "FUSSGEHERZONEOGD.1692424", "OBJECTID": 1692424, "ADRESSE": "2., Krakauer Straße", "ZEITRAUM": null, "AUSN_TEXT": "ausg. Fahrräder", "WEBLINK1": "http://www.wien.gv.at/verkehr/verkehrssicherheit/massnahmen/index.html", "SE_ANNO_CAD_DATA": null }, "geometry": { "type": "Polygon", "coordinates": [ [ [ 16.39611562, 48.22672473 ], [ 16.39729866, 48.22734631 ], [ 16.39716366, 48.22745842 ], [ 16.39611418, 48.22690359 ], [ 16.39595927, 48.22685036 ], [ 16.39611562, 48.22672473 ] ] ] } },
{ "type": "Feature", "properties": { "id": "FUSSGEHERZONEOGD.1692425", "OBJECTID": 1692425, "ADRESSE": "2., Krakauer Straße", "ZEITRAUM": "Mo.-Fr. (werkt.) von 9.30-13h", "AUSN_TEXT": "ausgen. Ladetätigkeit mit Lastfahrzeugen, sowie Fahrräder", "WEBLINK1": "http://www.wien.gv.at/verkehr/verkehrssicherheit/massnahmen/index.html", "SE_ANNO_CAD_DATA": null }, "geometry": { "type": "Polygon", "coordinates": [ [ [ 16.39490193, 48.22608702 ], [ 16.39471826, 48.22623769 ], [ 16.39449341, 48.22612246 ], [ 16.39467545, 48.22596802 ], [ 16.39490193, 48.22608702 ] ] ] } },
{ "type": "Feature", "properties": { "id": "FUSSGEHERZONEOGD.1692426", "OBJECTID": 1692426, "ADRESSE": "2., Leystraße", "ZEITRAUM": null, "AUSN_TEXT": "ausgen. Fahrräder", "WEBLINK1": "http://www.wien.gv.at/verkehr/verkehrssicherheit/massnahmen/index.html", "SE_ANNO_CAD_DATA": null }, "geometry": { "type": "Polygon", "coordinates": [ [ [ 16.39611418, 48.22690359 ], [ 16.39601313, 48.22698873 ], [ 16.39575512, 48.22685852 ], [ 16.39582117, 48.2268029 ], [ 16.39611418, 48.22690359 ] ] ] } },
{ "type": "Feature", "properties": { "id": "FUSSGEHERZONEOGD.1692427", "OBJECTID": 1692427, "ADRESSE": "16., Schellhammergasse", "ZEITRAUM": "Mo. - Fr. (werkt.) v.00.00 - 8.00 u. 9.30 - 24.00h; Mo. - Fr. (werkt.) v.00.00 - 18.30 u. 20.00 - 24.00h; Sa. (werkt.) v. 00.00 - 16:30 u.17:30 - 24.00h; So.- u. Feiertag 00.00 -24.00h", "AUSN_TEXT": "ausgen. Radfahrer sowie ausgen. Mo. - Fr. (werkt.) v. 8.00 - 9.30h; Mo. - Fr. (werkt.) v. 18.30 - 20.00h; Sa. (werkt.) v. 16:30 - 17:30h; Zufahrt zur Ladetätigkeit mit Bewilligung der MA59", "WEBLINK1": "http://www.wien.gv.at/verkehr/verkehrssicherheit/massnahmen/index.html", "SE_ANNO_CAD_DATA": null }, "geometry": { "type": "Polygon", "coordinates": [ [ [ 16.33650525, 48.21330017 ], [ 16.33600993, 48.21324297 ], [ 16.33606119, 48.21310933 ], [ 16.33645493, 48.21315504 ], [ 16.33650525, 48.21330017 ] ] ] } },
{ "type": "Feature", "properties": { "id": "FUSSGEHERZONEOGD.1692428", "OBJECTID": 1692428, "ADRESSE": "16., Yppenplatz", "ZEITRAUM": "Mo. - Fr. (werkt.) v.00.00 - 8.00 u. 9.30 - 24.00h; Mo. - Fr. (werkt.) v.00.00 - 18.30 u. 20.00 - 24.00h; Sa. (werkt.) v. 00.00 - 16:30 u.17:30 - 24.00h; So.- u. Feiertag 00.00 -24.00h", "AUSN_TEXT": "ausgen. Radfahrer sowie ausgen. Mo. - Fr. (werkt.) v. 8.00 - 9.30h; Mo. - Fr. (werkt.) v. 18.30 - 20.00h; Sa. (werkt.) v. 16:30 - 17:30h; Zufahrt zur Ladetätigkeit mit Bewilligung der MA59", "WEBLINK1": "http://www.wien.gv.at/verkehr/verkehrssicherheit/massnahmen/index.html", "SE_ANNO_CAD_DATA": null }, "geometry": { "type": "Polygon", "coordinates": [ [ [ 16.33600993, 48.21324297 ], [ 16.33576732, 48.21320403 ], [ 16.33494012, 48.21311207 ], [ 16.3349729, 48.21296552 ], [ 16.33499106, 48.21298333 ], [ 16.335256, 48.2130122 ], [ 16.33551578, 48.21304395 ], [ 16.33575925, 48.21307336 ], [ 16.33606079, 48.21310861 ], [ 16.33600993, 48.21324297 ] ] ] } },
{ "type": "Feature", "properties": { "id": "FUSSGEHERZONEOGD.1692429", "OBJECTID": 1692429, "ADRESSE": "16., Yppenplatz", "ZEITRAUM": "Mo. - Fr. (werkt.) v.00.00 - 8.00 u. 9.30 - 24.00h; Mo. - Fr. (werkt.) v.00.00 - 18.30 u. 20.00 - 24.00h; Sa. (werkt.) v. 00.00 - 16:30 u.17:30 - 24.00h; So.- u. Feiertag 00.00 -24.00h", "AUSN_TEXT": "ausgen. Radfahrer sowie ausgen. Mo. - Fr. (werkt.) v. 8.00 - 9.30h; Mo. - Fr. (werkt.) v. 18.30 - 20.00h; Sa. (werkt.) v. 16:30 - 17:30h; Zufahrt zur Ladetätigkeit mit Bewilligung der MA59", "WEBLINK1": "http://www.wien.gv.at/verkehr/verkehrssicherheit/massnahmen/index.html", "SE_ANNO_CAD_DATA": null }, "geometry": { "type": "Polygon", "coordinates": [ [ [ 16.33600993, 48.21324297 ], [ 16.33584622, 48.21384529 ], [ 16.33565092, 48.21382456 ], [ 16.33580809, 48.21321057 ], [ 16.33600993, 48.21324297 ] ] ] } },
{ "type": "Feature", "properties": { "id": "FUSSGEHERZONEOGD.1692430", "OBJECTID": 1692430, "ADRESSE": "16., Yppenplatz", "ZEITRAUM": "Mo. - Fr. (werkt.) v.00.00 - 8.00 u. 9.30 - 24.00h; Mo. - Fr. (werkt.) v.00.00 - 18.30 u. 20.00 - 24.00h; Sa. (werkt.) v. 00.00 - 16:30 u.17:30 - 24.00h; So.- u. Feiertag 00.00 -24.00h", "AUSN_TEXT": "ausgen. Radfahrer sowie ausgen. Mo. - Fr. (werkt.) v. 8.00 - 9.30h; Mo. - Fr. (werkt.) v. 18.30 - 20.00h; Sa. (werkt.) v. 16:30 - 17:30h; Zufahrt zur Ladetätigkeit mit Bewilligung der MA59", "WEBLINK1": "http://www.wien.gv.at/verkehr/verkehrssicherheit/massnahmen/index.html", "SE_ANNO_CAD_DATA": null }, "geometry": { "type": "Polygon", "coordinates": [ [ [ 16.33584622, 48.21384529 ], [ 16.33582393, 48.21395387 ], [ 16.33564877, 48.21393338 ], [ 16.33476821, 48.21382797 ], [ 16.33474024, 48.21384076 ], [ 16.33477104, 48.21372581 ], [ 16.33566017, 48.21382554 ], [ 16.33584622, 48.21384529 ] ] ] } },
{ "type": "Feature", "properties": { "id": "FUSSGEHERZONEOGD.1692431", "OBJECTID": 1692431, "ADRESSE": "16., Payergasse", "ZEITRAUM": "Mo. - Fr. (werkt.) v.00.00 - 8.00 u. 9.30 - 24.00h; Mo. - Fr. (werkt.) v.00.00 - 18.30 u. 20.00 - 24.00h; Sa. (werkt.) v. 00.00 - 16:30 u.17:30 - 24.00h; So.- u. Feiertag 00.00 -24.00h", "AUSN_TEXT": "ausgen. Radfahrer sowie ausgen. Mo. - Fr. (werkt.) v. 8.00 - 9.30h; Mo. - Fr. (werkt.) v. 18.30 - 20.00h; Sa. (werkt.) v. 16:30 - 17:30h; Zufahrt zur Ladetätigkeit mit Bewilligung der MA59", "WEBLINK1": "http://www.wien.gv.at/verkehr/verkehrssicherheit/massnahmen/index.html", "SE_ANNO_CAD_DATA": null }, "geometry": { "type": "Polygon", "coordinates": [ [ [ 16.33584622, 48.21384529 ], [ 16.33672226, 48.21395042 ], [ 16.33676291, 48.21406563 ], [ 16.33586097, 48.2139582 ], [ 16.33582393, 48.21395387 ], [ 16.33584622, 48.21384529 ] ] ] } },
{ "type": "Feature", "properties": { "id": "FUSSGEHERZONEOGD.1692432", "OBJECTID": 1692432, "ADRESSE": "1., Neuer Markt", "ZEITRAUM": "Mo .- Sa. (werkt.) v. 6-10:30h", "AUSN_TEXT": "ausgen. Mo. - Sa. (werkt.) v. 6 -10:30h Zufahrt zur Ladetätigkeit mit Fahrzeugen bis 18t höchstzul. Gesamtgewicht und Taxi zum Aus- und Einsteigen", "WEBLINK1": "http://www.wien.gv.at/verkehr/verkehrssicherheit/massnahmen/index.html", "SE_ANNO_CAD_DATA": null }, "geometry": { "type": "Polygon", "coordinates": [ [ [ 16.37013832, 48.2054522 ], [ 16.3705773, 48.20535253 ], [ 16.37065385, 48.20547845 ], [ 16.37072458, 48.2056551 ], [ 16.37080501, 48.205849 ], [ 16.37087457, 48.20583576 ], [ 16.37095728, 48.20603101 ], [ 16.37099656, 48.20612714 ], [ 16.37099987, 48.20614077 ], [ 16.37103342, 48.20632987 ], [ 16.37096377, 48.20633658 ], [ 16.37100917, 48.20653253 ], [ 16.37105319, 48.20672931 ], [ 16.37112528, 48.20672269 ], [ 16.37115564, 48.20685035 ], [ 16.37106765, 48.2068603 ], [ 16.37080035, 48.20688637 ], [ 16.37072544, 48.20675042 ], [ 16.37067856, 48.20664372 ], [ 16.37063865, 48.20652389 ], [ 16.3705773, 48.20637675 ], [ 16.37049423, 48.20624399 ], [ 16.37057254, 48.2061995 ], [ 16.3706259, 48.20616023 ], [ 16.37063653, 48.2060817 ], [ 16.37058303, 48.20592824 ], [ 16.37044939, 48.20569628 ], [ 16.37013832, 48.2054522 ] ] ] } },
{ "type": "Feature", "properties": { "id": "FUSSGEHERZONEOGD.1692433", "OBJECTID": 1692433, "ADRESSE": "1., Sterngase", "ZEITRAUM": null, "AUSN_TEXT": null, "WEBLINK1": "http://www.wien.gv.at/verkehr/verkehrssicherheit/massnahmen/index.html", "SE_ANNO_CAD_DATA": null }, "geometry": { "type": "Polygon", "coordinates": [ [ [ 16.37383778, 48.2116618 ], [ 16.37384611, 48.2116466 ], [ 16.37386271, 48.21171629 ], [ 16.37336038, 48.21178991 ], [ 16.37338123, 48.21181596 ], [ 16.3733492, 48.21182775 ], [ 16.37332383, 48.21178374 ], [ 16.37337428, 48.21177104 ], [ 16.37335946, 48.21174407 ], [ 16.37327458, 48.21176559 ], [ 16.37326717, 48.21175417 ], [ 16.37336878, 48.21172878 ], [ 16.37348246, 48.21170841 ], [ 16.37359481, 48.21169777 ], [ 16.37383778, 48.2116618 ] ] ] } },
{ "type": "Feature", "properties": { "id": "FUSSGEHERZONEOGD.1692434", "OBJECTID": 1692434, "ADRESSE": "1., Stephansplatz", "ZEITRAUM": "Mo .- Sa. (werkt.) v. 6-10:30h", "AUSN_TEXT": "ausgen. Mo. - Sa. (werkt.) v. 6 -10:30h Zufahrt zur Ladetätigkeit mit Fahrzeugen bis 18t höchstzul. Gesamtgewicht und Taxi zum Aus- und Einsteigen", "WEBLINK1": "http://www.wien.gv.at/verkehr/verkehrssicherheit/massnahmen/index.html", "SE_ANNO_CAD_DATA": null }, "geometry": { "type": "Polygon", "coordinates": [ [ [ 16.37207775, 48.20816658 ], [ 16.37208513, 48.2081681 ], [ 16.37209513, 48.20816884 ], [ 16.37216475, 48.20816274 ], [ 16.37234567, 48.20814466 ], [ 16.37237175, 48.20818307 ], [ 16.37309033, 48.20798878 ], [ 16.37315811, 48.20795747 ], [ 16.37326147, 48.20815271 ], [ 16.37323265, 48.20815841 ], [ 16.37322606, 48.20815972 ], [ 16.373225, 48.20815996 ], [ 16.37321241, 48.20816277 ], [ 16.37321224, 48.20816274 ], [ 16.37321237, 48.20816248 ], [ 16.37321237, 48.20816059 ], [ 16.37320711, 48.20816166 ], [ 16.37319411, 48.20815892 ], [ 16.37319077, 48.20815821 ], [ 16.3731898, 48.20815867 ], [ 16.37319145, 48.20815933 ], [ 16.37319003, 48.20815955 ], [ 16.37318859, 48.20815923 ], [ 16.37318707, 48.20815994 ], [ 16.37318659, 48.20816017 ], [ 16.37318398, 48.20816284 ], [ 16.37317806, 48.20816572 ], [ 16.37317369, 48.20816507 ], [ 16.37317147, 48.20816474 ], [ 16.37317137, 48.20816569 ], [ 16.37316802, 48.20816659 ], [ 16.37316787, 48.20816676 ], [ 16.37316703, 48.20816627 ], [ 16.3731634, 48.20816996 ], [ 16.37315864, 48.20816926 ], [ 16.3731451, 48.20816726 ], [ 16.37314631, 48.20816205 ], [ 16.37313689, 48.2081607 ], [ 16.37312463, 48.20814883 ], [ 16.37312551, 48.20814524 ], [ 16.37312615, 48.20814538 ], [ 16.37312577, 48.20814414 ], [ 16.37312498, 48.20814151 ], [ 16.37312475, 48.20814074 ], [ 16.37311662, 48.20814074 ], [ 16.37311077, 48.20814021 ], [ 16.37311027, 48.20814186 ], [ 16.37311065, 48.20814194 ], [ 16.37310882, 48.20814683 ], [ 16.37310876, 48.20814686 ], [ 16.37309948, 48.20815127 ], [ 16.37309632, 48.20815098 ], [ 16.37308835, 48.20815292 ], [ 16.37308827, 48.20815297 ], [ 16.37307925, 48.20815825 ], [ 16.37307583, 48.20815673 ], [ 16.37307128, 48.20815673 ], [ 16.373069, 48.20815293 ], [ 16.37306826, 48.208149 ], [ 16.37306795, 48.20814733 ], [ 16.37306785, 48.20814684 ], [ 16.37306103, 48.20814609 ], [ 16.37305674, 48.20814466 ], [ 16.37305619, 48.20814413 ], [ 16.37305306, 48.20813924 ], [ 16.37305306, 48.208135 ], [ 16.37305325, 48.20813442 ], [ 16.37305372, 48.20813294 ], [ 16.37305306, 48.20813286 ], [ 16.37304556, 48.20813199 ], [ 16.37303824, 48.20813115 ], [ 16.37303788, 48.20813236 ], [ 16.37303712, 48.20813487 ], [ 16.37303712, 48.20813723 ], [ 16.37303712, 48.20813772 ], [ 16.37303538, 48.20813824 ], [ 16.37302023, 48.20814599 ], [ 16.37301783, 48.20814552 ], [ 16.37301013, 48.20814402 ], [ 16.37300955, 48.20814627 ], [ 16.37300924, 48.20814921 ], [ 16.37300871, 48.20815428 ], [ 16.37300758, 48.20815391 ], [ 16.37300874, 48.20814943 ], [ 16.37298069, 48.20816149 ], [ 16.37297489, 48.20816084 ], [ 16.37297436, 48.20816422 ], [ 16.37297329, 48.20817101 ], [ 16.37297571, 48.20817137 ], [ 16.37295634, 48.20818045 ], [ 16.37295607, 48.20817848 ], [ 16.37294447, 48.20817707 ], [ 16.37294127, 48.20817668 ], [ 16.37293862, 48.20818607 ], [ 16.37294155, 48.20818684 ], [ 16.37292245, 48.20819674 ], [ 16.37292151, 48.20819512 ], [ 16.3729063, 48.20819261 ], [ 16.37290482, 48.20819927 ], [ 16.37288868, 48.20820602 ], [ 16.37287859, 48.20820512 ], [ 16.37287577, 48.20821501 ], [ 16.372886, 48.20821672 ], [ 16.37289219, 48.20822274 ], [ 16.37289058, 48.2082294 ], [ 16.37290027, 48.20823048 ], [ 16.37290647, 48.2082365 ], [ 16.37290243, 48.20823848 ], [ 16.37290499, 48.20824172 ], [ 16.37289773, 48.20824522 ], [ 16.37288737, 48.20824433 ], [ 16.37288654, 48.20824727 ], [ 16.37288549, 48.20825098 ], [ 16.37287621, 48.2082553 ], [ 16.37287416, 48.20825505 ], [ 16.37286625, 48.20825405 ], [ 16.37286357, 48.20826448 ], [ 16.37287002, 48.20826529 ], [ 16.37287272, 48.20826781 ], [ 16.37287366, 48.20826727 ], [ 16.37288228, 48.20827581 ], [ 16.37288133, 48.20827617 ], [ 16.37288439, 48.20827828 ], [ 16.37263103, 48.20839765 ], [ 16.37263096, 48.20840257 ], [ 16.37268341, 48.20845169 ], [ 16.37267386, 48.20845565 ], [ 16.37267386, 48.20845709 ], [ 16.37263397, 48.20845863 ], [ 16.37263143, 48.20845873 ], [ 16.37262953, 48.20846132 ], [ 16.37263011, 48.20846562 ], [ 16.37263181, 48.20846759 ], [ 16.37263033, 48.20846995 ], [ 16.37262293, 48.20848176 ], [ 16.37261955, 48.20848233 ], [ 16.37261902, 48.20848242 ], [ 16.37261745, 48.20848327 ], [ 16.37261461, 48.2084848 ], [ 16.37261314, 48.20848758 ], [ 16.37261321, 48.20848766 ], [ 16.3726145, 48.2084889 ], [ 16.3726369, 48.20851052 ], [ 16.37262587, 48.20851556 ], [ 16.37261833, 48.20851079 ], [ 16.372611, 48.20851484 ], [ 16.37259991, 48.20852096 ], [ 16.37257823, 48.20850037 ], [ 16.37255859, 48.20850946 ], [ 16.37256506, 48.20851621 ], [ 16.37252, 48.20854095 ], [ 16.3725106, 48.20853225 ], [ 16.37250815, 48.20852998 ], [ 16.37249255, 48.20853736 ], [ 16.37249485, 48.20853963 ], [ 16.37249663, 48.20854137 ], [ 16.372504, 48.2085486 ], [ 16.37245463, 48.20857047 ], [ 16.37244467, 48.20855995 ], [ 16.37243459, 48.20856443 ], [ 16.37207775, 48.20816658 ] ] ] } },
{ "type": "Feature", "properties": { "id": "FUSSGEHERZONEOGD.1692435", "OBJECTID": 1692435, "ADRESSE": "1., Stephansplatz", "ZEITRAUM": "Mo .- Sa. (werkt.) v. 6-10:30h", "AUSN_TEXT": "ausgen. Mo. - Sa. (werkt.) v. 6 -10:30h Zufahrt zur Ladetätigkeit mit Fahrzeugen bis 18t höchstzul. Gesamtgewicht und Taxi zum Aus- und Einsteigen", "WEBLINK1": "http://www.wien.gv.at/verkehr/verkehrssicherheit/massnahmen/index.html", "SE_ANNO_CAD_DATA": null }, "geometry": { "type": "Polygon", "coordinates": [ [ [ 16.37400859, 48.20842286 ], [ 16.37397912, 48.20843164 ], [ 16.37394964, 48.20844595 ], [ 16.37392176, 48.20846763 ], [ 16.37390251, 48.20849067 ], [ 16.37383217, 48.20852014 ], [ 16.37366992, 48.20859746 ], [ 16.37365338, 48.20868976 ], [ 16.3731307, 48.20893658 ], [ 16.37307968, 48.20893179 ], [ 16.3728922, 48.20902058 ], [ 16.37278787, 48.20890134 ], [ 16.37280065, 48.20889502 ], [ 16.37278961, 48.2088854 ], [ 16.37283789, 48.20886164 ], [ 16.3728496, 48.20887099 ], [ 16.37286453, 48.20886397 ], [ 16.3728539, 48.20885417 ], [ 16.37288068, 48.20884159 ], [ 16.37290447, 48.20883041 ], [ 16.37290707, 48.20883318 ], [ 16.37291107, 48.20883742 ], [ 16.37291389, 48.20883616 ], [ 16.37291596, 48.20883811 ], [ 16.37295197, 48.208872 ], [ 16.37298983, 48.20890764 ], [ 16.37312291, 48.20885792 ], [ 16.37334601, 48.2087746 ], [ 16.37342994, 48.20873464 ], [ 16.37342846, 48.20873752 ], [ 16.37344272, 48.20873896 ], [ 16.37344527, 48.20873212 ], [ 16.37345041, 48.20872967 ], [ 16.37346222, 48.20872402 ], [ 16.37347245, 48.20872483 ], [ 16.37347473, 48.20871448 ], [ 16.37349221, 48.20870657 ], [ 16.37350728, 48.20870764 ], [ 16.37351023, 48.20869784 ], [ 16.37352799, 48.20868893 ], [ 16.37354252, 48.20869072 ], [ 16.37354507, 48.20868083 ], [ 16.37356534, 48.2086721 ], [ 16.37357803, 48.2086738 ], [ 16.37357896, 48.20866733 ], [ 16.37359631, 48.20865887 ], [ 16.37360614, 48.20865976 ], [ 16.37360616, 48.20865966 ], [ 16.37361111, 48.20864005 ], [ 16.37361794, 48.20861138 ], [ 16.37362009, 48.20860103 ], [ 16.37361826, 48.20858864 ], [ 16.3736163, 48.2085754 ], [ 16.37361414, 48.20856848 ], [ 16.37361709, 48.20855454 ], [ 16.37362287, 48.20854824 ], [ 16.37361888, 48.20854643 ], [ 16.3736187, 48.20854635 ], [ 16.37364266, 48.20847076 ], [ 16.37364273, 48.20847053 ], [ 16.37371684, 48.20843652 ], [ 16.37373609, 48.20845611 ], [ 16.37375628, 48.20845836 ], [ 16.37380416, 48.20843559 ], [ 16.37380751, 48.20842246 ], [ 16.37379957, 48.2084149 ], [ 16.37378933, 48.20839458 ], [ 16.37379804, 48.20835573 ], [ 16.37381662, 48.20835206 ], [ 16.37390864, 48.20831261 ], [ 16.37400859, 48.20842286 ] ] ] } },
{ "type": "Feature", "properties": { "id": "FUSSGEHERZONEOGD.1692436", "OBJECTID": 1692436, "ADRESSE": "10., Bereich Bloch-Bauer-Promenade Süd", "ZEITRAUM": "Mo.-Sa. (werkt.) von 6 - 10:30 h", "AUSN_TEXT": "ausgenommen Mo.-Sa. (werkt.) von 6 - 10:30 h Zufahrt zur Ladetätigkeit, Taxi zum Aus- und Einsteigen und Kraftfahrzeuge der Handelsvertreter sowie ausgen. Fahrrad", "WEBLINK1": "http://www.wien.gv.at/verkehr/verkehrssicherheit/massnahmen/index.html", "SE_ANNO_CAD_DATA": null }, "geometry": { "type": "Polygon", "coordinates": [ [ [ 16.38803664, 48.17822015 ], [ 16.3879227, 48.17846981 ], [ 16.38766556, 48.17840658 ], [ 16.3872719, 48.17873296 ], [ 16.38739602, 48.17887525 ], [ 16.3868218, 48.17916186 ], [ 16.38672332, 48.17910505 ], [ 16.38610114, 48.17959492 ], [ 16.3858816, 48.17978225 ], [ 16.38602443, 48.1798636 ], [ 16.38589324, 48.17998642 ], [ 16.38571069, 48.17991249 ], [ 16.38503769, 48.18064004 ], [ 16.38487573, 48.18062603 ], [ 16.38565237, 48.1796271 ], [ 16.38578386, 48.17955226 ], [ 16.38702362, 48.1787561 ], [ 16.38675931, 48.17854926 ], [ 16.38691019, 48.17846521 ], [ 16.38717244, 48.17862719 ], [ 16.38755994, 48.17836566 ], [ 16.38807491, 48.17806499 ], [ 16.38803664, 48.17822015 ] ] ] } },
{ "type": "Feature", "properties": { "id": "FUSSGEHERZONEOGD.1692437", "OBJECTID": 1692437, "ADRESSE": "10., Bereich Bloch-Bauer-Promenade Nord", "ZEITRAUM": "Mo.-Sa. (werkt.) von 6 - 10:30 h", "AUSN_TEXT": "ausgenommen Mo.-Sa. (werkt.) von 6 - 10:30 h Zufahrt zur Ladetätigkeit, Taxi zum Aus- und Einsteigen und Kraftfahrzeuge der Handelsvertreter sowie ausgen. Fahrrad", "WEBLINK1": "http://www.wien.gv.at/verkehr/verkehrssicherheit/massnahmen/index.html", "SE_ANNO_CAD_DATA": null }, "geometry": { "type": "Polygon", "coordinates": [ [ [ 16.38405893, 48.18149461 ], [ 16.38317797, 48.1822038 ], [ 16.38300572, 48.1821677 ], [ 16.38283557, 48.18213947 ], [ 16.38309169, 48.1820756 ], [ 16.38387526, 48.18141093 ], [ 16.38405893, 48.18149461 ] ] ] } },
{ "type": "Feature", "properties": { "id": "FUSSGEHERZONEOGD.1692438", "OBJECTID": 1692438, "ADRESSE": "1., Blutgasse", "ZEITRAUM": null, "AUSN_TEXT": null, "WEBLINK1": "http://www.wien.gv.at/verkehr/verkehrssicherheit/massnahmen/index.html", "SE_ANNO_CAD_DATA": null }, "geometry": { "type": "Polygon", "coordinates": [ [ [ 16.37480036, 48.20811915 ], [ 16.37471925, 48.20814964 ], [ 16.37446779, 48.20793674 ], [ 16.3744869, 48.20792523 ], [ 16.37424978, 48.20775348 ], [ 16.37405087, 48.20755681 ], [ 16.37384085, 48.20733894 ], [ 16.37387465, 48.20732387 ], [ 16.37405005, 48.20748809 ], [ 16.37412464, 48.20755193 ], [ 16.37425661, 48.20767325 ], [ 16.37431589, 48.20773328 ], [ 16.37444211, 48.20783672 ], [ 16.37480036, 48.20811915 ] ] ] } },
{ "type": "Feature", "properties": { "id": "FUSSGEHERZONEOGD.1692439", "OBJECTID": 1692439, "ADRESSE": "1., Domgasse", "ZEITRAUM": null, "AUSN_TEXT": null, "WEBLINK1": "http://www.wien.gv.at/verkehr/verkehrssicherheit/massnahmen/index.html", "SE_ANNO_CAD_DATA": null }, "geometry": { "type": "MultiPolygon", "coordinates": [ [ [ [ 16.37479637, 48.20817409 ], [ 16.37461664, 48.20825152 ], [ 16.37461446, 48.20825723 ], [ 16.37473559, 48.20839895 ], [ 16.37465224, 48.20842671 ], [ 16.37449733, 48.20824561 ], [ 16.37471925, 48.20814964 ], [ 16.37475556, 48.20813599 ], [ 16.37479637, 48.20817409 ] ] ], [ [ [ 16.37387524, 48.20732361 ], [ 16.37387465, 48.20732387 ], [ 16.3738741, 48.20732335 ], [ 16.37387524, 48.20732361 ] ] ] ] } },
{ "type": "Feature", "properties": { "id": "FUSSGEHERZONEOGD.1692440", "OBJECTID": 1692440, "ADRESSE": "17., Bereich Rudolf-Kirchschläger-Platz", "ZEITRAUM": null, "AUSN_TEXT": "ausg. Straßenbahn sowie Fahrräder", "WEBLINK1": "http://www.wien.gv.at/verkehr/verkehrssicherheit/massnahmen/index.html", "SE_ANNO_CAD_DATA": null }, "geometry": { "type": "Polygon", "coordinates": [ [ [ 16.29116979, 48.23360237 ], [ 16.29147654, 48.23323131 ], [ 16.2916172, 48.23313354 ], [ 16.29168379, 48.23327958 ], [ 16.29173412, 48.23338992 ], [ 16.29174237, 48.23347548 ], [ 16.29174903, 48.23355859 ], [ 16.29174172, 48.23365606 ], [ 16.29160856, 48.23368672 ], [ 16.29116979, 48.23360237 ] ] ] } },
{ "type": "Feature", "properties": { "id": "FUSSGEHERZONEOGD.1692441", "OBJECTID": 1692441, "ADRESSE": "2., Lassallestraße", "ZEITRAUM": "Mo. - Sa. (werkt.) v. 6-10.30h", "AUSN_TEXT": "ausgen. Taxi sowie Zufahrt zur Ladetätigkeit", "WEBLINK1": "http://www.wien.gv.at/verkehr/verkehrssicherheit/massnahmen/index.html", "SE_ANNO_CAD_DATA": null }, "geometry": { "type": "Polygon", "coordinates": [ [ [ 16.39992603, 48.22342005 ], [ 16.3987873, 48.22280448 ], [ 16.39884446, 48.22275398 ], [ 16.39983478, 48.22328943 ], [ 16.39996683, 48.22336045 ], [ 16.39992603, 48.22342005 ] ] ] } },
{ "type": "Feature", "properties": { "id": "FUSSGEHERZONEOGD.1692442", "OBJECTID": 1692442, "ADRESSE": "2., Radingerstraße", "ZEITRAUM": "Mo. - Sa. (werkt.) v. 6-10.30h", "AUSN_TEXT": "ausgen. Taxi sowie Zufahrt zur Ladetätigkeit und Fahrräder", "WEBLINK1": "http://www.wien.gv.at/verkehr/verkehrssicherheit/massnahmen/index.html", "SE_ANNO_CAD_DATA": null }, "geometry": { "type": "Polygon", "coordinates": [ [ [ 16.40010245, 48.22334451 ], [ 16.40013751, 48.22335884 ], [ 16.40026509, 48.22342377 ], [ 16.40008321, 48.22357597 ], [ 16.4000477, 48.2235563 ], [ 16.3999061, 48.22347936 ], [ 16.39987545, 48.22346265 ], [ 16.39992603, 48.22342005 ], [ 16.39996683, 48.22336045 ], [ 16.39996905, 48.22335767 ], [ 16.39997398, 48.22335819 ], [ 16.39997874, 48.2233583 ], [ 16.39998349, 48.22335804 ], [ 16.39998792, 48.22335745 ], [ 16.39999348, 48.22335619 ], [ 16.39999866, 48.22335443 ], [ 16.40000412, 48.22335179 ], [ 16.4000095, 48.22334804 ], [ 16.40003828, 48.22332366 ], [ 16.40010245, 48.22334451 ] ] ] } },
{ "type": "Feature", "properties": { "id": "FUSSGEHERZONEOGD.1692443", "OBJECTID": 1692443, "ADRESSE": "12., Theresienbadgasse", "ZEITRAUM": "(werkt.) von 6-10.30h", "AUSN_TEXT": "ausgen. Zufahrt zur Ladetätigkeit, Taxi zum Aus- u. Einsteigen u. Kraftfahrzeuge des Bundesgremiums der Handelsvertreter, Kommissionäre u. Vermittler", "WEBLINK1": "http://www.wien.gv.at/verkehr/verkehrssicherheit/massnahmen/index.html", "SE_ANNO_CAD_DATA": null }, "geometry": { "type": "Polygon", "coordinates": [ [ [ 16.32958465, 48.18174346 ], [ 16.32958312, 48.18177318 ], [ 16.32954306, 48.18177112 ], [ 16.3294506, 48.18184118 ], [ 16.32936431, 48.18187106 ], [ 16.32900618, 48.18212484 ], [ 16.32884285, 48.18203621 ], [ 16.32916801, 48.18180746 ], [ 16.32949107, 48.18157878 ], [ 16.32958465, 48.18174346 ] ] ] } },
{ "type": "Feature", "properties": { "id": "FUSSGEHERZONEOGD.1692444", "OBJECTID": 1692444, "ADRESSE": "12., Meidlinger Platzl", "ZEITRAUM": "(werkt.) von 6-10.30h", "AUSN_TEXT": "ausgen. Zufahrt zur Ladetätigkeit, Taxi zum Aus- u. Einsteigen u. Kraftfahrzeuge des Bundesgremiums der Handelsvertreter, Kommissionäre u. Vermittler", "WEBLINK1": "http://www.wien.gv.at/verkehr/verkehrssicherheit/massnahmen/index.html", "SE_ANNO_CAD_DATA": null }, "geometry": { "type": "Polygon", "coordinates": [ [ [ 16.32989772, 48.18124526 ], [ 16.3298999, 48.18124633 ], [ 16.32996367, 48.1812664 ], [ 16.33004621, 48.18126892 ], [ 16.33033135, 48.18125388 ], [ 16.33033134, 48.18132162 ], [ 16.33028734, 48.18133012 ], [ 16.33023032, 48.18134454 ], [ 16.33018255, 48.18135999 ], [ 16.33012555, 48.18139091 ], [ 16.33008394, 48.18142388 ], [ 16.33005158, 48.18147025 ], [ 16.33002383, 48.18153516 ], [ 16.33000225, 48.18162687 ], [ 16.32996987, 48.18177011 ], [ 16.3298466, 48.18175979 ], [ 16.32958466, 48.1817433 ], [ 16.32958465, 48.18174346 ], [ 16.32949107, 48.18157878 ], [ 16.32949624, 48.18157512 ], [ 16.32949466, 48.18157499 ], [ 16.32953534, 48.18123476 ], [ 16.32989772, 48.18124526 ] ] ] } },
{ "type": "Feature", "properties": { "id": "FUSSGEHERZONEOGD.1692445", "OBJECTID": 1692445, "ADRESSE": "12., Füchselhofgasse", "ZEITRAUM": "(werkt.) von 6-10.30h", "AUSN_TEXT": "ausgen. Zufahrt zur Ladetätigkeit, Taxi zum Aus- u. Einsteigen u. Kraftfahrzeuge des Bundesgremiums der Handelsvertreter, Kommissionäre u. Vermittler", "WEBLINK1": "http://www.wien.gv.at/verkehr/verkehrssicherheit/massnahmen/index.html", "SE_ANNO_CAD_DATA": null }, "geometry": { "type": "Polygon", "coordinates": [ [ [ 16.32957796, 48.18085031 ], [ 16.32953603, 48.18082227 ], [ 16.32866187, 48.18090752 ], [ 16.32863937, 48.18082222 ], [ 16.32958501, 48.18073479 ], [ 16.32957875, 48.18084992 ], [ 16.32957796, 48.18085031 ] ] ] } },
{ "type": "Feature", "properties": { "id": "FUSSGEHERZONEOGD.1692446", "OBJECTID": 1692446, "ADRESSE": "12., Meidlinger Hauptstraße", "ZEITRAUM": "(werkt.) von 6-10.30h", "AUSN_TEXT": "ausgen. Zufahrt zur Ladetätigkeit, Taxi zum Aus- u. Einsteigen u. Kraftfahrzeuge des Bundesgremiums der Handelsvertreter, Kommissionäre u. Vermittler", "WEBLINK1": "http://www.wien.gv.at/verkehr/verkehrssicherheit/massnahmen/index.html", "SE_ANNO_CAD_DATA": null }, "geometry": { "type": "Polygon", "coordinates": [ [ [ 16.32983752, 48.18075913 ], [ 16.32980238, 48.18103305 ], [ 16.32979112, 48.18110832 ], [ 16.32979861, 48.18116101 ], [ 16.32982487, 48.18120116 ], [ 16.32985864, 48.18122625 ], [ 16.32989772, 48.18124526 ], [ 16.32953534, 48.18123476 ], [ 16.32958105, 48.18085238 ], [ 16.32957796, 48.18085031 ], [ 16.32957875, 48.18084992 ], [ 16.32958293, 48.18077295 ], [ 16.32983752, 48.18075913 ] ] ] } },
{ "type": "Feature", "properties": { "id": "FUSSGEHERZONEOGD.1692447", "OBJECTID": 1692447, "ADRESSE": "12., Meidlinger Hauptstraße", "ZEITRAUM": "(werkt.) von 6-10.30h", "AUSN_TEXT": "ausgen. Zufahrt zur Ladetätigkeit, Taxi zum Aus- u. Einsteigen u. Kraftfahrzeuge des Bundesgremiums der Handelsvertreter, Kommissionäre u. Vermittler", "WEBLINK1": "http://www.wien.gv.at/verkehr/verkehrssicherheit/massnahmen/index.html", "SE_ANNO_CAD_DATA": null }, "geometry": { "type": "Polygon", "coordinates": [ [ [ 16.32988683, 48.17975348 ], [ 16.32985233, 48.1800953 ], [ 16.3298773, 48.18011805 ], [ 16.32963335, 48.18010261 ], [ 16.32965449, 48.18009106 ], [ 16.32967564, 48.17988423 ], [ 16.32969, 48.17974792 ], [ 16.32988683, 48.17975348 ] ] ] } },
{ "type": "Feature", "properties": { "id": "FUSSGEHERZONEOGD.1692448", "OBJECTID": 1692448, "ADRESSE": "12., Hilschergasse", "ZEITRAUM": "(werkt.) von 6-10.30h", "AUSN_TEXT": "ausgen. Zufahrt zur Ladetätigkeit, Taxi zum Aus- u. Einsteigen u. Kraftfahrzeuge des Bundesgremiums der Handelsvertreter, Kommissionäre u. Vermittler", "WEBLINK1": "http://www.wien.gv.at/verkehr/verkehrssicherheit/massnahmen/index.html", "SE_ANNO_CAD_DATA": null }, "geometry": { "type": "Polygon", "coordinates": [ [ [ 16.32990644, 48.17962354 ], [ 16.32992153, 48.17963926 ], [ 16.33017124, 48.17964313 ], [ 16.33016548, 48.17974205 ], [ 16.32991577, 48.17973689 ], [ 16.32989178, 48.17974972 ], [ 16.32990532, 48.17962409 ], [ 16.32990644, 48.17962354 ] ] ] } },
{ "type": "Feature", "properties": { "id": "FUSSGEHERZONEOGD.1692449", "OBJECTID": 1692449, "ADRESSE": "12., Bonygasse", "ZEITRAUM": "(werkt.) von 6-10.30h", "AUSN_TEXT": "ausgen. Zufahrt zur Ladetätigkeit, Taxi zum Aus- u. Einsteigen u. Kraftfahrzeuge des Bundesgremiums der Handelsvertreter, Kommissionäre u. Vermittler", "WEBLINK1": "http://www.wien.gv.at/verkehr/verkehrssicherheit/massnahmen/index.html", "SE_ANNO_CAD_DATA": null }, "geometry": { "type": "Polygon", "coordinates": [ [ [ 16.32977176, 48.1791746 ], [ 16.3297529, 48.17934084 ], [ 16.32975047, 48.17934145 ], [ 16.32975062, 48.17934031 ], [ 16.32973142, 48.1793249 ], [ 16.3295547, 48.17931718 ], [ 16.32914172, 48.17930816 ], [ 16.32915326, 48.17917327 ], [ 16.32974104, 48.17919001 ], [ 16.32977176, 48.1791746 ] ] ] } },
{ "type": "Feature", "properties": { "id": "FUSSGEHERZONEOGD.1692450", "OBJECTID": 1692450, "ADRESSE": "12., Krichbaumgasse", "ZEITRAUM": "(werkt.) von 6-10.30h", "AUSN_TEXT": "ausgen. Zufahrt zur Ladetätigkeit, Taxi zum Aus- u. Einsteigen u. Kraftfahrzeuge des Bundesgremiums der Handelsvertreter, Kommissionäre u. Vermittler", "WEBLINK1": "http://www.wien.gv.at/verkehr/verkehrssicherheit/massnahmen/index.html", "SE_ANNO_CAD_DATA": null }, "geometry": { "type": "Polygon", "coordinates": [ [ [ 16.33015033, 48.17872759 ], [ 16.33024434, 48.17873103 ], [ 16.3302328, 48.1788338 ], [ 16.33013799, 48.17883131 ], [ 16.33015033, 48.17872759 ] ] ] } },
{ "type": "Feature", "properties": { "id": "FUSSGEHERZONEOGD.1692451", "OBJECTID": 1692451, "ADRESSE": "12., Meidlinger Hauptstraße", "ZEITRAUM": "(werkt.) von 6-10.30h", "AUSN_TEXT": "ausgen. Zufahrt zur Ladetätigkeit, Taxi zum Aus- u. Einsteigen u. Kraftfahrzeuge des Bundesgremiums der Handelsvertreter, Kommissionäre u. Vermittler", "WEBLINK1": "http://www.wien.gv.at/verkehr/verkehrssicherheit/massnahmen/index.html", "SE_ANNO_CAD_DATA": null }, "geometry": { "type": "Polygon", "coordinates": [ [ [ 16.32982053, 48.17871274 ], [ 16.32982562, 48.17862438 ], [ 16.32985064, 48.17823257 ], [ 16.32985256, 48.17819917 ], [ 16.32992363, 48.17816962 ], [ 16.32999279, 48.17814908 ], [ 16.33004273, 48.17813623 ], [ 16.33002157, 48.17833406 ], [ 16.3300081, 48.17852419 ], [ 16.32999863, 48.17871899 ], [ 16.32982053, 48.17871274 ] ] ] } },
{ "type": "Feature", "properties": { "id": "FUSSGEHERZONEOGD.1692452", "OBJECTID": 1692452, "ADRESSE": "12., Zeleborgasse", "ZEITRAUM": "(werkt.) von 6-10.30h", "AUSN_TEXT": "ausgen. Zufahrt zur Ladetätigkeit, Taxi zum Aus- u. Einsteigen u. Kraftfahrzeuge des Bundesgremiums der Handelsvertreter, Kommissionäre u. Vermittler", "WEBLINK1": "http://www.wien.gv.at/verkehr/verkehrssicherheit/massnahmen/index.html", "SE_ANNO_CAD_DATA": null }, "geometry": { "type": "Polygon", "coordinates": [ [ [ 16.33030775, 48.17732574 ], [ 16.33039097, 48.17732635 ], [ 16.33038508, 48.17742965 ], [ 16.33025032, 48.17742637 ], [ 16.33024985, 48.17742598 ], [ 16.3303073, 48.17732609 ], [ 16.33030775, 48.17732574 ] ] ] } },
{ "type": "Feature", "properties": { "id": "FUSSGEHERZONEOGD.1692453", "OBJECTID": 1692453, "ADRESSE": "12., Meidlinger Hauptstraße", "ZEITRAUM": "(werkt.) von 6-10.30h", "AUSN_TEXT": "ausgen. Zufahrt zur Ladetätigkeit, Taxi zum Aus- u. Einsteigen u. Kraftfahrzeuge des Bundesgremiums der Handelsvertreter, Kommissionäre u. Vermittler", "WEBLINK1": "http://www.wien.gv.at/verkehr/verkehrssicherheit/massnahmen/index.html", "SE_ANNO_CAD_DATA": null }, "geometry": { "type": "Polygon", "coordinates": [ [ [ 16.33027685, 48.17737903 ], [ 16.33024985, 48.17742598 ], [ 16.33025032, 48.17742637 ], [ 16.33025019, 48.17742637 ], [ 16.33023649, 48.17762838 ], [ 16.33023257, 48.17767101 ], [ 16.33008692, 48.17766838 ], [ 16.33007419, 48.17784359 ], [ 16.33022278, 48.17785014 ], [ 16.33021005, 48.1780345 ], [ 16.3300771, 48.1780375 ], [ 16.33000672, 48.17805188 ], [ 16.32986108, 48.17808652 ], [ 16.3298787, 48.17777141 ], [ 16.32989829, 48.17743328 ], [ 16.32990437, 48.17736967 ], [ 16.33027685, 48.17737903 ] ] ] } },
{ "type": "Feature", "properties": { "id": "FUSSGEHERZONEOGD.1692454", "OBJECTID": 1692454, "ADRESSE": "12., Ratschkygasse", "ZEITRAUM": "(werkt.) von 6-10.30h", "AUSN_TEXT": "ausgen. Zufahrt zur Ladetätigkeit, Taxi zum Aus- u. Einsteigen u. Kraftfahrzeuge des Bundesgremiums der Handelsvertreter, Kommissionäre u. Vermittler", "WEBLINK1": "http://www.wien.gv.at/verkehr/verkehrssicherheit/massnahmen/index.html", "SE_ANNO_CAD_DATA": null }, "geometry": { "type": "Polygon", "coordinates": [ [ [ 16.3299478, 48.17686294 ], [ 16.32993456, 48.17703397 ], [ 16.32989621, 48.17699731 ], [ 16.32987139, 48.17700242 ], [ 16.32987139, 48.17697306 ], [ 16.32985803, 48.17691814 ], [ 16.32985422, 48.17688623 ], [ 16.32992485, 48.17687474 ], [ 16.3299478, 48.17686294 ] ] ] } },
{ "type": "Feature", "properties": { "id": "FUSSGEHERZONEOGD.1692455", "OBJECTID": 1692455, "ADRESSE": "12., Meidlinger Hauptstraße", "ZEITRAUM": "(werkt.) von 6-10.30h", "AUSN_TEXT": "ausgen. Zufahrt zur Ladetätigkeit, Taxi zum Aus- u. Einsteigen u. Kraftfahrzeuge des Bundesgremiums der Handelsvertreter, Kommissionäre u. Vermittler", "WEBLINK1": "http://www.wien.gv.at/verkehr/verkehrssicherheit/massnahmen/index.html", "SE_ANNO_CAD_DATA": null }, "geometry": { "type": "Polygon", "coordinates": [ [ [ 16.33033085, 48.17694113 ], [ 16.33031474, 48.17711041 ], [ 16.33029715, 48.17711106 ], [ 16.33029616, 48.17715617 ], [ 16.3303118, 48.17715551 ], [ 16.33030495, 48.17726142 ], [ 16.33030006, 48.17732569 ], [ 16.33030775, 48.17732574 ], [ 16.3303073, 48.17732609 ], [ 16.33027685, 48.17737903 ], [ 16.32990437, 48.17736967 ], [ 16.32993629, 48.17703563 ], [ 16.32993456, 48.17703397 ], [ 16.32994136, 48.17694605 ], [ 16.33005838, 48.17693363 ], [ 16.33033085, 48.17694113 ] ] ] } },
{ "type": "Feature", "properties": { "id": "FUSSGEHERZONEOGD.1692456", "OBJECTID": 1692456, "ADRESSE": "12., Meidlinger Hauptstraße", "ZEITRAUM": "(werkt.) von 6-10.30h", "AUSN_TEXT": "ausgen. Zufahrt zur Ladetätigkeit, Taxi zum Aus- u. Einsteigen u. Kraftfahrzeuge des Bundesgremiums der Handelsvertreter, Kommissionäre u. Vermittler", "WEBLINK1": "http://www.wien.gv.at/verkehr/verkehrssicherheit/massnahmen/index.html", "SE_ANNO_CAD_DATA": null }, "geometry": { "type": "Polygon", "coordinates": [ [ [ 16.33017843, 48.1765884 ], [ 16.33017296, 48.17665758 ], [ 16.33015183, 48.1768455 ], [ 16.33030041, 48.17685021 ], [ 16.33033951, 48.17685022 ], [ 16.33033085, 48.17694113 ], [ 16.33005838, 48.17693363 ], [ 16.32994136, 48.17694605 ], [ 16.3299478, 48.17686294 ], [ 16.32994967, 48.17686197 ], [ 16.32997071, 48.17660787 ], [ 16.32997332, 48.17658585 ], [ 16.33017843, 48.1765884 ] ] ] } },
{ "type": "Feature", "properties": { "id": "FUSSGEHERZONEOGD.1692457", "OBJECTID": 1692457, "ADRESSE": "10., Favoritenstraße", "ZEITRAUM": "Mo. - Sa. (werkt.) von 6 - 10:30 h", "AUSN_TEXT": "ausgen. Mo.- Sa. (werkt.) von 6-10:30h die Zufahrt zur Ladetätigkeit, Taxi zum Aus- und Einsteigen und Kraftfahrzeuge der Handelsvertreter sowie Fahrräder", "WEBLINK1": "http://www.wien.gv.at/verkehr/verkehrssicherheit/massnahmen/index.html", "SE_ANNO_CAD_DATA": null }, "geometry": { "type": "Polygon", "coordinates": [ [ [ 16.37501111, 48.18176666 ], [ 16.37501207, 48.18176433 ], [ 16.37517117, 48.1813541 ], [ 16.37510251, 48.18130331 ], [ 16.37548964, 48.1812491 ], [ 16.37526277, 48.18180565 ], [ 16.37501111, 48.18176666 ] ] ] } },
{ "type": "Feature", "properties": { "id": "FUSSGEHERZONEOGD.1692458", "OBJECTID": 1692458, "ADRESSE": "10., Favoritenstraße", "ZEITRAUM": "Mo. - Sa. (werkt.) von 6 - 10:30 h", "AUSN_TEXT": "ausgen. Mo.- Sa. (werkt.) von 6-10:30h die Zufahrt zur Ladetätigkeit, Taxi zum Aus- und Einsteigen und Kraftfahrzeuge der Handelsvertreter sowie Fahrräder", "WEBLINK1": "http://www.wien.gv.at/verkehr/verkehrssicherheit/massnahmen/index.html", "SE_ANNO_CAD_DATA": null }, "geometry": { "type": "Polygon", "coordinates": [ [ [ 16.3747848, 48.18231577 ], [ 16.37501111, 48.18176666 ], [ 16.37526277, 48.18180565 ], [ 16.37526263, 48.18180599 ], [ 16.3752722, 48.18180718 ], [ 16.37505736, 48.18235618 ], [ 16.3747848, 48.18231577 ] ] ] } },
{ "type": "Feature", "properties": { "id": "FUSSGEHERZONEOGD.1692459", "OBJECTID": 1692459, "ADRESSE": "10., Favoritenstraße", "ZEITRAUM": "Mo. - Sa. (werkt.) von 6 - 10:30 h", "AUSN_TEXT": "ausgen. Mo.- Sa. (werkt.) von 6-10:30h die Zufahrt zur Ladetätigkeit, Taxi zum Aus- und Einsteigen und Kraftfahrzeuge der Handelsvertreter sowie Fahrräder", "WEBLINK1": "http://www.wien.gv.at/verkehr/verkehrssicherheit/massnahmen/index.html", "SE_ANNO_CAD_DATA": null }, "geometry": { "type": "Polygon", "coordinates": [ [ [ 16.37456133, 48.18288935 ], [ 16.37478218, 48.18232213 ], [ 16.3747848, 48.18231577 ], [ 16.37505736, 48.18235618 ], [ 16.37502412, 48.18244114 ], [ 16.37500045, 48.18243944 ], [ 16.37491334, 48.18265673 ], [ 16.37493759, 48.18266158 ], [ 16.37485531, 48.18286589 ], [ 16.37483281, 48.18293545 ], [ 16.37456133, 48.18288935 ] ] ] } },
{ "type": "Feature", "properties": { "id": "FUSSGEHERZONEOGD.1692460", "OBJECTID": 1692460, "ADRESSE": "10., Favoritenstraße", "ZEITRAUM": "Mo. - Sa. (werkt.) von 6 - 10:30 h", "AUSN_TEXT": "ausgen. Mo.- Sa. (werkt.) von 6-10:30h die Zufahrt zur Ladetätigkeit, Taxi zum Aus- und Einsteigen und Kraftfahrzeuge der Handelsvertreter sowie Fahrräder", "WEBLINK1": "http://www.wien.gv.at/verkehr/verkehrssicherheit/massnahmen/index.html", "SE_ANNO_CAD_DATA": null }, "geometry": { "type": "Polygon", "coordinates": [ [ [ 16.3742919, 48.1835749 ], [ 16.37431517, 48.18352157 ], [ 16.37456133, 48.18288935 ], [ 16.37483281, 48.18293545 ], [ 16.37481178, 48.18300047 ], [ 16.37457247, 48.18359826 ], [ 16.3742919, 48.1835749 ] ] ] } },
{ "type": "Feature", "properties": { "id": "FUSSGEHERZONEOGD.1692461", "OBJECTID": 1692461, "ADRESSE": "10., Favoritenstraße", "ZEITRAUM": "Mo. - Sa. (werkt.) von 6 - 10:30 h", "AUSN_TEXT": "ausgen. Mo.- Sa. (werkt.) von 6-10:30h die Zufahrt zur Ladetätigkeit, Taxi zum Aus- und Einsteigen und Kraftfahrzeuge der Handelsvertreter sowie Fahrräder", "WEBLINK1": "http://www.wien.gv.at/verkehr/verkehrssicherheit/massnahmen/index.html", "SE_ANNO_CAD_DATA": null }, "geometry": { "type": "Polygon", "coordinates": [ [ [ 16.37399307, 48.18398893 ], [ 16.37412641, 48.18399051 ], [ 16.37441069, 48.18400427 ], [ 16.37437638, 48.18412531 ], [ 16.37455491, 48.18414128 ], [ 16.37448592, 48.18460765 ], [ 16.37406507, 48.18461036 ], [ 16.37400159, 48.18460995 ], [ 16.37392961, 48.18459464 ], [ 16.37387018, 48.18456276 ], [ 16.37382064, 48.18452444 ], [ 16.37379532, 48.18450142 ], [ 16.37376833, 48.18445273 ], [ 16.37395557, 48.18445461 ], [ 16.37399307, 48.18398893 ] ] ] } }
]
}
